Boost Clock ,Brand ,CUDA Cores ,Card Dimensions (L x H) ,Chipset Manufacturer ,Cooler ,Core Clock ,DVI ,Date First Available ,DirectX ,DisplayPort ,Dual-Link DVI Supported ,Edition ,Effective Memory Clock ,Features ,Form Factor ,GPU ,GPU Series ,HDCP Ready ,HDMI ,Interface ,Max GPU Length ,Max Resolution ,Memory Interface ,Memory Size ,Memory Type ,Model ,Multi-Monitor Support ,OpenGL ,Operating Systems Supported ,Option ,Package Contents ,PixelPipelines ,Power Connector ,SLI Support ,Series ,Slot Width ,System Requirements ,Thermal Design Power ,Virtual Reality Ready ,review_numbers
['1809 MHz (OC Mode)1784 MHz (Gaming Mode)1708 MHz (Silent Mode)'],['MSI'],['1280'],"['11.00"" x 5.51""']",['NVIDIA'],['Double Fans'],['1594 MHz (OC Mode)1569 MHz (Gaming Mode)1506 MHz (Silent Mode)'],['1 x DL-DVI-D'],"['June 13, 2019']",['DirectX 12'],['3 x DisplayPort 1.4'],['Yes'],,['8108 MHz (OC Mode)8008 MHz (Gaming Mode)8008 MHz (Silent Mode)'],"['The Ultimate GAMING: TWIN FROZR VI- Smooth heat pipes: Squared shape at bottommaximize heat transfer from the copper base plate- Zero Frozr: Stopping the fan in low-load situations, keeping a noise-free environment- Airflow Control technology: Deflectors thrusts air onto heat pipes for lower temperatures and better gamingTORX FAN 2.0: Supremely silent- Dispersion fan blade: Steeper curved blade accelerating the airflow- Traditional fan blade: Provides steady airflow to massive heatsink belowGaming App- Instant Performance Gain: Unlock extra performance or keep your card silent during light use in one click- LED control: Full control on your RGB GAMING LEDs to set the mood- Mobile APP: Control your graphics card from your phone']",['ATX'],['GeForce GTX 1060'],['NVIDIA GeForce GTX 10 Series'],['2.2'],['1 x HDMI 2.0'],['PCI Express 3.0 x16'],['277 mm'],['7680 x 4320'],['192-Bit'],['6GB'],['GDDR5'],['GTX 1060 GAMING X 6G'],['4'],['OpenGL 4.5'],,,['Accessories:Driver CDInstallation Guide'],,['8-Pin'],,,['Dual Slot'],['Power Consumption: 120WRecommended PSU: 400W'],['120W'],['Yes'],(294)
"['OC mode: 1809 MHzGaming Mode (Default): 1785 MHz*Retail goods are with default Gaming Mode, OC Mode can be adjusted with one click on GPU Tweak II']",['ASUS'],['1152'],"['9.53"" x 5.12""']",['NVIDIA'],['Double Fans'],['OC mode: 1594 MHzGaming Mode (Default): 1569 MHz'],['1 x Native DVI-D'],"['February 11, 2019']",['DirectX 12'],['2 x Native DisplayPort 1.4'],,,['8008 MHz'],"['ASUS Dual series of GeForce GTX 1060 graphics provide sweet spot performance- 1809 MHz Boost Clock in OC mode for outstanding performance and gaming experience.- Unique Wing-Blade Fans for max air flow with 105% more air pressure.- Perfectly Matched with ASUS X99 A II motherboards for optimized style and performance.- Industry Only Auto-Extreme Technology with Super Alloy Power II delivers premium quality and best reliability.- VR-Friendly HDMI Ports for immersive virtual reality experiences.- GPU Tweak II with Xsplit Gamecaster provides intuitive performance tweaking and instant gameplay streaming.- NVIDIA ANSEL for a revolutionary new way to capture in-game screenshots.- NVIDIA GameWorks provides an interactive and cinematic experience, as well as incredibly smooth gameplay.']",,['GeForce GTX 1060'],['NVIDIA GeForce GTX 10 Series'],['2.2'],['2 x Native HDMI 2.0b'],['PCI Express 3.0'],['242 mm'],['7680 x 4320'],['192-Bit'],['3GB'],['GDDR5'],['DUAL-GTX1060-O3G'],,['OpenGL 4.5'],,,['Accessories:1 x CD1 x Quick Guide'],,['6-Pin'],,['Dual'],['2.1 slots'],,['120W'],['Yes'],(73)
['1835 MHz'],['EVGA'],['1280'],"['10.50"" x 4.38""']",['NVIDIA'],['Double Fans'],['1607 MHz'],['1 x Dual-Link DVI-D'],"['June 18, 2019']",['DirectX 12'],['3 x DisplayPort 1.4'],['Yes'],,['8008 MHz'],"['NVIDIA GameStream TechnologyNVIDIA G-SYNC ReadyOpenGL 4.6 SupportSimultaneous Multi-ProjectionVR ReadyNVIDIA AnselNVIDIA GPU Boost 3.0Microsoft DirectX 12 APIVulkan APIPCI Express 3.0Max Digital Resolution - 7680x4320HDMI 2.0b, DisplayPort 1.4 and Dual-Link DVIBuilt for EVGA Precision XOCEVGA ACX 3.0 Cooling']",,['GeForce GTX 1060'],['NVIDIA GeForce GTX 10 Series'],,['1 x HDMI 2.0b'],['PCI Express 3.0'],['267 mm'],['7680 x 4320'],['192-Bit'],['6GB'],['GDDR5'],['06G-P4-6267-KR'],['4'],['OpenGL 4.6'],"['Windows 10 32/64bit, Windows 8 32/64bit, Windows 7 32/64bit']",,,,['8-Pin'],,,['Dual Slot'],['Minimum of a 400-Watt power supplyOne available 8-pin PCI-E power dongleTotal Power Draw: 120 Watts'],['120W'],['Yes'],43 (63% Positive)
['N/A'],['EVGA'],['1152'],"['10.50"" x 4.38""']",['NVIDIA'],['EVGA ACX 3.0 Cooling'],['1607 MHz'],['1 x Dual-Link DVI-D'],"['October 09, 2018']",['DirectX 12'],['3 x DisplayPort 1.4'],['Yes'],['None'],['8008 MHz'],"['NVIDIA GameStream TechnologyNVIDIA G-SYNC ReadyOpenGL 4.5 SupportSimultaneous Multi-ProjectionVR ReadyNVIDIA AnselNVIDIA GPU Boost 3.0Microsoft DirectX 12Vulkan APIPCI Express 3.0Max Digital Resolution - 7680 x 4320HDMI 2.0b, DisplayPort 1.4 and Dual-Link DVIBuilt for EVGA Precision XOCEVGA ACX 3.0 Cooling']",,['GeForce GTX 1060'],['NVIDIA GeForce GTX 10 Series'],,['1 x HDMI 2.0b'],['PCI Express 3.0'],['267 mm'],['7680 x 4320'],['192-Bit'],['3GB'],['GDDR5'],['03G-P4-6167-KR'],['4'],['OpenGL 4.5'],"['Windows 10 32/64bit, Windows 8 32/64bit, Windows 7 32/64bit']",['GTX 1060 SSC ACX3.0'],,,['8-Pin'],,,['Dual Slot'],"['400W or greater power supply.PCI Express, PCI Express 2.0 or PCI Express 3.0 compliant motherboard with one graphics slot.']",['120W'],['Yes'],(25)
['1835 MHz'],['EVGA'],['1280'],,['NVIDIA'],,,,"['May 09, 2019']",['DirectX 12'],,,,,,,,,,,['PCI Express 3.0 x16'],,,,['6GB'],,['06G-P4-6264-KB'],,['OpenGL 4.5'],,,,,,,,,,,,0 reviews
['N/A'],['EVGA'],['1152'],"['6.80"" x 4.38""']",['NVIDIA'],['ACX 2.0 Single Fan'],['1506 MHz'],['1 x Dual-Link DVI-D'],"['June 18, 2019']",['DirectX 12'],['3 x DisplayPort 1.4'],['Yes'],['None'],['8008 MHz'],"['NVIDIA GameStream TechnologyNVIDIA GSYNC ReadyOpenGL 4.5 SupportSimultaneous Multi-ProjectionVR ReadyNVIDIA AnselNVIDIA GPU Boost 3.0Microsoft DirectX 12Vulkan APIPCI Express 3.0Max Digital Resolution - 7680 x 4320HDMI 2.0b, DisplayPort 1.4 and Dual-Link DVIBuilt for EVGA Precision XOC']",,['GeForce GTX 1060'],['NVIDIA GeForce GTX 10 Series'],['Yes'],['1 x HDMI 2.0b'],['PCI Express 3.0'],['173 mm'],['7680 x 4320'],['192-Bit'],['3GB'],['GDDR5'],['03G-P4-6160-KR'],['4'],['OpenGL 4.5'],"['Windows 10 32/64bit, Windows 8 32/64bit, Windows 7 32/64bit']",['GTX 1060 ACX 2.0 Single'],,,['6-Pin'],['No'],,['Dual Slot'],['Minimum of a 400W power supplyAn available 6-pin PCI-E power connectorTotal Power Draw: 120 Watts'],['120W'],['Yes'],(76)
"['OC Mode: 1809 MHzGaming Mode: 1785 MHz*Retail goods are with default Gaming Mode, OC Mode can be adjusted with one click on GPU Tweak II']",['ASUS'],['1280'],"['9.53"" x 5.12""']",['NVIDIA'],['Double Fans'],['OC Mode: 1594 MHzGaming Mode: 1569 MHz'],['1 x Native DVI-D'],"['May 21, 2020']",,['2 x Native DisplayPort 1.4'],,,['8008 MHz'],"['ASUS Dual series of GeForce GTX 1060 graphics provide sweet spot performance1809 MHz Boost Clock in OC mode for outstanding performance and gaming experience.Unique Wing-Blade Fans for max air flow with 105% more air pressure.Perfectly matched with ASUS X99-A II Overview motherboards for optimized style and performance.Industry Only Auto-Extreme Technology with Super Alloy Power II delivers premium quality and best reliability.VR-friendly HDMI Ports for immersive virtual reality experiences.GPU Tweak II with Xsplit Gamecaster provides intuitive performance tweaking and instant gameplay streaming.NVIDIA ANSEL for a revolutionary new way to capture in-game screenshots.NVIDIA GameWorks provides an interactive and cinematic experience, as well as incredibly smooth gameplay.']",,['GeForce GTX 1060'],['NVIDIA GeForce GTX 10 Series'],['Yes'],['2 x Native HDMI 2.0'],['PCI Express 3.0'],['242 mm'],['7680 x 4320'],['192-Bit'],['6GB'],['GDDR5'],['DUAL-GTX1060-O6G'],,['OpenGL 4.5'],,,,,['6-Pin'],,,['Dual Slot'],,['120W'],['Yes'],(82)
['1797 MHz in OC Mode1771 MHz in Gaming Mode'],['GIGABYTE'],['1152'],"['8.78"" x 4.76""']",['NVIDIA'],['WINDFORCE 2X'],['1582 MHz in OC Mode1556 MHz in Gaming Mode'],['2 x Dual-link DVI-D'],"['October 22, 2020']",['DirectX 12'],['1 x DisplayPort 1.4'],['Yes'],,['8008 MHz'],['Powered by GeForce GTX 1060Integrated with 3GB GDDR5 192-bit memoryWINDFORCE 2X with Blade Fan DesignSupport up to 8K display @60HzBuilt with 4+1 power phases'],['ATX'],['GeForce GTX 1060'],['NVIDIA GeForce GTX 10 Series'],,['1 x HDMI 2.0b'],['PCI Express 3.0 x16'],['223 mm'],['7680 x 4320'],['192-Bit'],['3GB'],['GDDR5'],['GV-N1060WF2OC-3GD'],['4'],['OpenGL 4.5'],,,,,['6-Pin'],,,['Dual Slot'],['Recommended PSU: 400W'],['120W'],['Yes'],291 (90% Positive)
['1708 MHz'],['EVGA'],['1280'],"['6.80"" x 4.38""']",['NVIDIA'],['Single Fan'],['1506 MHz'],['1 x Dual-Link DVI-D'],"['October 22, 2020']",['DirectX 12'],['3 x DisplayPort 1.4'],['Yes'],,['8008 MHz'],"['Simultaneous Multi-Projection VR Ready NVIDIA Ansel NVIDIA G-SYNC NVIDIA GameStream NVIDIA GPU Boost 3.0 Microsoft DirectX 12 Vulkan API OpenGL 4.5 Support PCI Express 3.0 Max Digital Resolution - 7680 x 4320HDMI 2.0b, DisplayPort 1.4 and Dual-Link DVI Built for EVGA Precision XOC']",,['GeForce GTX 1060'],['NVIDIA GeForce GTX 10 Series'],['Yes'],['1 x HDMI 2.0b'],['PCI Express 3.0'],['173 mm'],['7680 x 4320'],['192-Bit'],['6GB'],['GDDR5'],['06G-P4-6161-KR'],['4'],['OpenGL 4.5'],"['Windows 10 32/64bit, Windows 8 32/64bit, Windows 7 32/64bit, Windows Vista 32/64bit']",,,,['6-Pin'],['No'],,['Dual Slot'],"['400W or greater power supply.PCI Express, PCI Express 2.0 or PCI Express 3.0 compliant motherboard with one graphics slot.']",['120W'],['Yes'],291 (90% Positive)
['1835 MHz'],['EVGA'],['1152'],"['6.80"" x 4.38""']",['NVIDIA'],['ACX 2.0 Single Fan'],['1607 MHz'],['1 x Dual-Link DVI-D'],"['June 18, 2019']",['DirectX 12'],['3 x DisplayPort 1.4'],['Yes'],,['8008 MHz'],"['NVIDIA GameStream TechnologyOpenGL 4.6 SupportVR ReadyNVIDIA GPU Boost 3.0Vulkan APIMax Digital Resolution - 7680x4320Built for EVGA Precision XOCNVIDIA G-SYNC ReadySimultaneous Multi-ProjectionNVIDIA AnselMicrosoft DirectX 12 APIPCI Express 3.0HDMI 2.0b, DisplayPort 1.4 and Dual-Link DVI']",,['GeForce GTX 1060'],['NVIDIA GeForce GTX 10 Series'],['Yes'],['1 x HDMI 2.0b'],['PCI Express 3.0'],['173 mm'],['7680 x 4320'],['192-Bit'],['3GB'],['GDDR5'],['03G-P4-6162-KR'],['4'],['OpenGL 4.6'],"['Windows 10 32/64bit, Windows 8 32/64bit, Windows 7 32/64bit']",,,,['6-Pin'],['No'],,['Dual Slot'],['Minimum of a 400 Watts power supplyAn available 6-pin PCI-E power connectorTotal Power Draw: 120 Watts'],['120W'],['Yes'],(89)
['1771 MHz'],['ZOTAC'],['1280'],"['8.27"" x 4.80""']",['NVIDIA'],['Dual Fan IceStorm'],['1556 MHz'],['1 x Dual-link DVI-D'],"['September 16, 2019']",['DirectX 12'],['3 x DisplayPort 1.4'],['Yes'],,['8 GHz'],['Dual 90mm IceStormFREEZE TechSimultaneous Multi-ProjectionVR ReadyNVIDIA AnselNVIDIA GPU BOOST 3.0NVIDIA G-SyncNVIDIA GameStream'],,['GeForce GTX 1060'],['NVIDIA GeForce GTX 10 Series'],['Yes'],['1 x HDMI 2.0b'],['PCI Express 3.0'],['210 mm'],['7680 x 4320'],['192-Bit'],['6GB'],['GDDR5'],['ZT-P10600B-10M'],['4'],['OpenGL 4.5'],['Microsoft Windows 10/8/7 x86/x64'],,['ZOTAC GeForce GTX 1060 AMP! EditionDual 4-pin to 6-pin cableUser Manual'],,['6-Pin'],['No'],,['Dual Slot'],['Recommended Power Supply: 400W'],['120W'],['Yes'],(58)
['1708 MHz'],['ZOTAC'],['1152'],"['6.85"" x 4.38""']",['NVIDIA'],['Single Fan'],['1506 MHz'],['1 x DL-DVI'],"['July 10, 2020']",['DirectX 12'],['3 x DisplayPort 1.4'],['Yes'],,['8 GHz'],"['The ZOTAC GeForce GTX 1060 graphics card is loaded with innovative new gaming technologies, making it the perfect choice for the latest high-definition games. Powered by NVIDIA Pascal - the most advanced GPU architecture ever created - the ZOTAC GeForce GTX 1060 delivers brilliant performance that opens the door to virtual reality and beyond.FEATURES- Simultaneous Multi-Projection- VR Ready- NVIDIA Ansel- NVIDIA GPU BOOST 3.0- NVIDIA G-Sync- NVIDIA GameStream- Vulkan API']",,['GeForce GTX 1060'],['NVIDIA GeForce GTX 10 Series'],['Yes'],['1 x HDMI 2.0b'],['PCI Express 3.0'],['174 mm'],,['192-Bit'],['3GB'],['GDDR5'],['ZT-P10610A-10L'],['4'],['OpenGL 4.5'],['Windows 10 / 8 / 7'],,['Accessories:User Manual'],,['6-Pin'],['No'],,['Dual Slot'],['Recommended Power Supply: 400WPower Consumption: 120W'],['120W'],['Yes'],(34)
['1708 MHz'],['EVGA'],['1280'],"['10.50"" x 4.38""']",['NVIDIA'],['ACX 3.0'],['1506 MHz'],['1 x Dual-Link DVI-D'],"['September 16, 2019']",['DirectX 12'],['3 x DisplayPort 1.4'],['Yes'],,['8008 MHz'],"['NVIDIA GameStream TechnologyNVIDIA G-SYNC ReadyOpenGL 4.6 SupportSimultaneous Multi-ProjectionVR ReadyNVIDIA AnselNVIDIA GPU Boost 3.0Microsoft DirectX 12 APIVulkan APIPCI Express 3.0Max Digital Resolution - 7680x4320HDMI 2.0b, DisplayPort 1.4 and Dual-Link DVIBuilt for EVGA Precision XOCEVGA ACX 3.0 Cooling']",,['GeForce GTX 1060'],['NVIDIA GeForce GTX 10 Series'],,['1 x HDMI 2.0b'],['PCI Express 3.0'],['267 mm'],['7680 x 4320'],['192-Bit'],['6GB'],['GDDR5'],['06G-P4-6262-KR'],['4'],['OpenGL 4.6'],['Windows 10 32/64bitWindows 8 32/64bitWindows 7 32/64bit'],,,,['8-Pin'],,,['Dual Slot'],['Minimum of a 400-Watt power supplyTotal Power Draw: 120 Watts'],['120W'],['Yes'],(44)
['1835 MHz'],['EVGA'],['1280'],"['6.80"" x 4.38""']",['NVIDIA'],['Single Fan'],['1607 MHz'],['1 x Dual-Link DVI-D'],"['May 06, 2019']",['DirectX 12'],['3 x DisplayPort 1.4'],['Yes'],,['8008 MHz'],"['NVIDIA GameStream TechnologyNVIDIAG-SYNC ReadyOpenGL 4.5 SupportSimultaneous Multi-ProjectionVR ReadyNVIDIA AnselNVIDIA GPU Boost 3.0Microsoft DirectX 12Vulkan APIPCI Express 3.0Max Digital Resolution - 7680 x 4320HDMI 2.0b, DisplayPort 1.4 and Dual-Link DVIBuilt for EVGA Precision XOC']",,['GeForce GTX 1060'],['NVIDIA GeForce GTX 10 Series'],['Yes'],['1 x HDMI 2.0b'],['PCI Express 3.0'],['173 mm'],['7680 x 4320'],['192-Bit'],['6GB'],['GDDR5'],['06G-P4-6163-KR'],['4'],['OpenGL 4.5'],"['Windows 10 32/64bit, Windows 8 32/64bit, Windows 7 32/64bit, Windows Vista 32/64bit']",,,,['6-Pin'],['No'],,['Dual Slot'],"['400W or greater power supply.PCI Express, PCI Express 2.0 or PCI Express 3.0 compliant motherboard with one graphics slot.']",['120W'],['Yes'],(240)
['1708 MHz'],['ZOTAC'],['1280'],"['8.31"" x 4.92""']",['NVIDIA'],['Double Fans'],['1506 MHz'],['1 x DL-DVI-D'],"['September 09, 2019']",['DirectX 12'],['3 x DisplayPort 1.4'],['Yes'],,['8 GHz'],['IceStormSimultaneous Multi-Projection4K / VR ReadyNVIDIA AnselNVIDIA G-SyncNVIDIA GameStreamSuper Compact'],,['GeForce GTX 1060'],['NVIDIA GeForce GTX 10 Series'],['Yes'],['1 x HDMI 2.0b'],['PCI Express 3.0'],['211 mm'],,['192-Bit'],['6GB'],['GDDR5X'],['ZT-P10620A-10M'],['4'],['OpenGL 4.5'],['Windows 10 / 7 64-bit'],,['ZOTAC GeForce GTX 1060 6GB GDDR5X1 x Dual 6-pin to 8-pin power cableUser Manual'],,['8-Pin'],['No'],,['Dual Slot'],['Recommended Power Supply: 500W'],['120W'],['Yes'],(101)
['1708 MHz'],['ASUS'],['1152'],"['7.20"" x 4.76""']",['NVIDIA'],['Single Fan'],['1506 MHz'],['1 x DVI-D'],"['May 21, 2020']",,['2 x DisplayPort 1.4'],,,['8008 MHz'],['Dual-ball Bearing Fan reduces spinning friction for 2X longer lifespan and cooling efficiency.Industry Only Auto-Extreme Technology with Super Alloy Power II delivers premium quality and best reliability.NVIDIA ANSEL for a revolutionary new way to capture in-game screenshots.GPU Tweak II with XSplit Gamecaster provides intuitive performance tweaking and real-time streaming.'],,['GeForce GTX 1060'],['NVIDIA GeForce GTX 10 Series'],['2.2'],['2 x HDMI 2.0b'],['PCI Express 3.0'],['183 mm'],['7680 x 4320'],['192-Bit'],['3GB'],['GDDR5'],['PH-GTX1060-3G'],['4'],['OpenGL 4.5'],,,['Accessories:1 x CD1 x Quick Guide'],,['6-Pin'],['No'],['Phoenix'],['Dual Slot'],['Recommended PSU: 500W'],['120W'],['Yes'],(16)
['1708 MHz'],['ASUS'],['1280'],"['10.50"" x 4.38""']",['NVIDIA'],['Single Fan'],['1506 MHz'],['1 x DVI-D'],"['September 09, 2019']",,['2 x DisplayPort 1.4'],,,['8008 MHz'],"['Dual-ball Bearing Fan runs smoother by reducing friction, further improving 4X longer card lifespan and cooling efficiency.Industry Only Auto-Extreme Technology with Super Alloy Power II delivers premium quality and best reliability.VR-friendly HDMI Ports for immersive virtual reality experiences.Customizable Backlit Logo gives your system a truly unique look with your own LED backlit logo design.GPU Tweak II with Xsplit Gamecaster provides intuitive performance tweaking and instant gameplay streaming.NVIDIA ANSEL for a revolutionary new way to capture in-game screenshots.NVIDIA GameWorks provides an interactive and cinematic experience, as well as incredibly smooth gameplay.']",,['GeForce GTX 1060'],['NVIDIA GeForce GTX 10 Series'],['2.2'],['2 x HDMI 2.0'],['PCI Express 3.0'],['267 mm'],['7680 x 4320'],['192-Bit'],['6GB'],['GDDR5'],['TURBO-GTX1060-6G'],,['OpenGL 4.5'],,,['Accessories:1 x CD1 x Quick Guide'],,['6-Pin'],,['Turbo'],['Dual Slot'],,['120W'],['Yes'],(48)
['N/A'],['GIGABYTE'],['1280'],"['6.65"" x 5.16""']",['NVIDIA'],['Single Fan'],['1556 MHz in OC Mode1531 MHz in Gaming Mode'],['2 x Dual-link DVI-D'],"['January 05, 2019']",['DirectX 12'],['1 x DisplayPort 1.4'],['Yes'],,['8008 MHz'],['Powered by GeForce GTX 1060Integrated with 6GB GDDR5 192-bit memory90mm cooler with 3D active fanOne-click Super Overclocking17cm Compact Card Size'],['ATX'],['GeForce GTX 1060'],['NVIDIA GeForce GTX 10 Series'],,['1 x HDMI 2.0b'],['PCI Express 3.0 x16'],['169 mm'],['7680 x 4320'],['192-Bit'],['6GB'],['GDDR5'],['GV-N1060IXOC-6GD'],['4'],['OpenGL 4.5'],,['GV-N1060IXOC-6GD'],,,['6-Pin'],,,['Dual Slot'],['Recommended PSU: 400W'],['120W'],['Yes'],(26)
['1746 MHz (OC)1733 MHz (Gaming)1708 MHz (Silent)'],['MSI'],['1152'],"['10.91"" x 5.51""']",['NVIDIA'],['Double Fans'],['1531 MHz (OC)1518 MHz (Gaming)1506 MHz (Silent)'],['1 x DL-DVI-D'],"['July 20, 2020']",['DirectX 12'],['3 x DisplayPort'],['Yes'],,['8008 MHz'],"['The Ultimate GAMING: TWIN FROZR VI- Smooth heat pipes: Squared shape at bottom maximize heat transfer from the copper base plate- Zero Frozr: Stopping the fan in low-load situations, keeping a noise-free environment- Airflow Control technology: Deflectors thrusts air onto heat pipes for lower temperatures and better gamingTORX FAN 2.0: Supremely silent- Dispersion fan blade: Steeper curved blade accelerating the airflow- Traditional fan blade: Provides steady airflow to massive heat sink belowGaming App- Instant Performance Gain: Unlock extra performance or keep your card silent during light use in one click- LED control: Full control on your RGB GAMING LEDs to set the mood- Mobile APP: Control your graphics card from your phone']",['ATX'],['GeForce GTX 1060'],['NVIDIA GeForce GTX 10 Series'],['Yes'],['1 x HDMI'],['PCI Express 3.0 x16'],['278 mm'],,['192-Bit'],['3GB'],['GDDR5'],['GTX 1060 GAMING 3G'],['Yes'],['OpenGL 4.5'],,,['Accessories:Driver CDInstallation Guide'],,['8-Pin'],,,['Dual Slot'],['Power Consumption: 120WRecommended PSU: 400W'],['120W'],['Yes'],(12)
['1759 MHz'],['MSI'],['1280'],"['9.57"" x 4.53""']",['NVIDIA'],['Double Fans'],['1544 MHz'],['1 x DL-DVI-D'],"['June 13, 2019']",['DirectX 12'],['1 x DisplayPort 1.4'],['Yes'],,['8008 MHz'],"[""Military Class 4 Components- Certified to MIL-STD-810G standards for top stability and quality.- Built with Hi-c CAP and Solid CAP components.Dual Fans Thermal Design- Dual fans covers more area of heatsink to take heat away more efficiently.Afterburner Overclocking Utility- Wireless control through Android/iOS devices.- Predator: In-game video recording.- Kombustor: built-in DirectX 12 benchmark.GeForce GTX VR Ready- NVIDIA's unique set of features ensure you get the right level of performance, image quality, and latency to ensure your VR experience is nothing short of amazing.""]",['ATX'],['GeForce GTX 1060'],['NVIDIA GeForce GTX 10 Series'],['2.2'],['1 x HDMI 2.0'],['PCI Express 3.0 x16'],['243 mm'],,['192-Bit'],['6GB'],['GDDR5'],['GTX 1060 6GT OCV1'],['3'],['OpenGL 4.5'],,,,,['6-Pin'],,,['Dual Slot'],['Power Consumption: 120WRecommended PSU: 400W'],['120W'],['Yes'],(38)
['N/A'],['GIGABYTE'],['1152'],"['10.94"" x 4.49""']",['NVIDIA'],['WINDFORCE 2X'],['1620 MHz (OC Mode)1594 MHz (Gaming Mode)'],['1 x Dual-Link DVI-D'],"['March 12, 2020']",['DirectX 12'],['3 x DisplayPort 1.4'],['Yes'],,['8008 MHz'],['Powered by GeForce GTX 1060Integrated with 3GB GDDR5 192-bit memoryWINDFORCE 2X with Blade Fan DesignSupport up to 8K display @60Hz16.8M Customizable Color RGB Lighting'],['ATX'],['GeForce GTX 1060'],['NVIDIA GeForce GTX 10 Series'],,['1 x HDMI 2.0b'],['PCI Express 3.0 x16'],['278 mm'],['7680 x 4320'],['192-Bit'],['3GB'],['GDDR5'],['GV-N1060G1 GAMING-3GD 2.0'],['4'],['OpenGL 4.5'],,['GV-N1060G1GAMING-3GD'],,,['8-Pin'],,,['Dual Slot'],['System PSU Limitation: 400W'],['120W'],['Yes'],(19)
['1873 MHz in OC mode1847 MHz in Gaming mode'],['GIGABYTE'],['1280'],"['11.06"" x 5.39""']",['NVIDIA'],['Double Fans'],['1645 MHz in OC mode1620 MHz in Gaming mode'],['1 x Dual-link DVI-D (Standard mode)'],"['August 08, 2019']",['DirectX 12'],['3 x DisplayPort 1.4 (Standard mode)3 x DisplayPort (VR mode)'],['Yes'],,['OC mode: 8316 MHzGaming mode: 8164 MHz'],['Powered by GeForce GTX 1060Integrated with 6GB GDDR5 192-bit memoryWINDFORCE 2X 100mm Fan Cooling SystemAORUS VR Link provides the best VR experienceRGB fusion - 16.7M customizable color lightingBuilt for Extreme Overclocking 6+1 Power PhasesProtection Metal Back Plate'],['ATX'],['GeForce GTX 1060'],['NVIDIA GeForce GTX 10 Series'],,['1 x HDMI 2.0b (Standard mode)3 x HDMI (VR mode)'],['PCI Express 3.0 x16'],['281 mm'],['7680 x 4320'],['192-Bit'],['6GB'],['GDDR5'],['GV-N1060AORUS X-6GD (rev. 2.0)'],['4'],['OpenGL 4.5'],,,,,['8-Pin'],,['AORUS'],['2.5-slot'],['Recommended PSU: 400W'],['120W'],['Yes'],(12)
,['NVIDIA'],['1280'],"['9.823"" * 4.378""']",,,,,"['September 09, 2019']",['DirectX 12'],,,,,,,,,,,,,['7680 x 4320'],['192-Bit'],['6GB'],['GDDR5'],,,['OpenGL 4.5'],,,,,,,,['Dual Slot'],,,['Yes'],0 reviews
['1759 MHz'],['PNY'],,"['9.92"" x 4.37""']",['NVIDIA'],['Double Fans'],['1544 MHz'],['1 x DVI-D'],"['June 04, 2019']",['DirectX 12'],['3 x DisplayPort 1.4'],,,['8008 MHz'],,,['GeForce GTX 1060'],['NVIDIA GeForce GTX 10 Series'],,['1 x HDMI 2.0b'],['PCI Express 3.0 x16'],['252 mm'],,['192-Bit'],['6GB'],['GDDR5'],['VCGGTX10606XGPB-OC2'],['4'],['OpenGL 4.5'],,,,,['6-Pin'],,,['Dual Slot'],,['120W'],,"1,139 (70% Positive)"
['1708 MHz'],['ZOTAC'],['1280'],"['6.85"" x 4.38""']",['NVIDIA'],['Single Fan'],['1506 MHz'],['1 x Dual-link DVI-D'],"['October 01, 2019']",['DirectX 12'],['3 x DisplayPort 1.4'],['Yes'],,['8 GHz'],"['The GeForce GTX 1060 graphics card is loaded with innovative new gaming technologies and the groundbreaking NVIVIDIA Pascal architecture, making it the perfect choice for high-definition gaming in one of the smallest sizes.- Get up to 3X the performance and power efficiency of previous-generation GPUs.- Experience fast, smooth, power-efficient gaming experiences with ultra-fast FinFET technology, plus support for DirectX 12 features.- Tap into advanced graphics technologies like NVIDIA GameWorks that provide a more interactive and cinematic experience, as well as incredibly smooth gameplay.- Discover next-generation NVIDIA VRWorks technologies for low latency, plug-and-play compatibility, and amazing performance that lets you hear and feel every moment. PERFORMANCE- All-new NVIDIA Pascal architecture- Up to 3X faster than previous-generation graphics cards in VR gaming applications- Created with the new FinFET manufacturing processGAMING TECHNOLOGIES- Faster, smoother gameplay- Synchronized frame delivery- Revolutionary new image-capture technologyVIRTUAL REALITY (VR) - More immersive experiences- Reduced latency- Innovative new technologies, including audio, physics, and haptics']",,['GeForce GTX 1060'],['NVIDIA GeForce GTX 10 Series'],['Yes'],['1 x HDMI 2.0b'],['PCI Express 3.0'],['174 mm'],,['192-Bit'],['6GB'],['GDDR5'],['ZT-P10600A-10L'],['4'],['OpenGL 4.5'],['Microsoft Windows 10/8/7 x86/x64'],,['ZOTAC GeForce GTX 1060 Mini 6GBUser Manual'],,['6-Pin'],['No'],,['Dual Slot'],['Recommended Power Supply: 400WPower Consumption: 120W'],['120W'],['Yes'],(85)
['1847 MHz'],['EVGA'],['1280'],"['10.50"" x 4.38""']",['NVIDIA'],['Double Fans'],['1620 MHz'],['1 x Dual-Link DVI-D'],"['May 12, 2020']",['DirectX 12'],['3 x DisplayPort 1.4'],['Yes'],,['8008 MHz'],"['NVIDIA GameStream TechnologyNVIDIA G-SYNC ReadyOpenGL 4.5 SupportSimultaneous Multi-ProjectionVR ReadyNVIDIA AnselNVIDIA GPU Boost 3.0Microsoft DirectX 12Vulkan APIPCI Express 3.0Max Digital Resolution - 7680 x 4320HDMI 2.0b, DisplayPort 1.4 and Dual-Link DVIBuilt for EVGA Precision XOCEVGA ACX 3.0 Cooling']",,['GeForce GTX 1060'],['NVIDIA GeForce GTX 10 Series'],,['1 x HDMI 2.0b'],['PCI Express 3.0'],['267 mm'],['7680 x 4320'],['192-Bit'],['6GB'],['GDDR5'],['06G-P4-6268-KR'],['4'],['OpenGL 4.5'],"['Windows 10 32/64bit, Windows 8 32/64bit, Windows 7 32/64bit']",,,,['8-Pin'],,,['Dual Slot'],"['400W or greater power supply.PCI Express, PCI Express 2.0 or PCI Express 3.0 compliant motherboard with one graphics slot.']",['120W'],['Yes'],(10)
['1860 MHz'],['EVGA'],['1152'],"['10.50"" x 4.38""']",['NVIDIA'],['Double Fans'],['1632 MHz'],['1 x Dual-Link DVI-D'],"['December 21, 2018']",['DirectX 12'],['3 x DisplayPort 1.4'],['Yes'],,['8008 MHz'],"['NVIDIA GameStream TechnologyNVIDIA G-SYNC ReadyOpenGL 4.5 SupportSimultaneous Multi-ProjectionVR ReadyNVIDIA AnselNVIDIA GPU Boost 3.0Microsoft DirectX 12Vulkan APIPCI Express 3.0Max Digital Resolution - 7680 x 4320HDMI 2.0b, DisplayPort 1.4 and Dual-Link DVIBuilt for EVGA Precision XOCEVGA ACX 3.0 Cooling']",,['GeForce GTX 1060 FTW+ Gaming'],['NVIDIA GeForce GTX 10 Series'],,['1 x HDMI 2.0b'],['PCI Express 3.0'],['267 mm'],['7680 x 4320'],['192-Bit'],['3GB'],['GDDR5'],['03G-P4-6367-KR'],['4'],['OpenGL 4.5'],"['Windows 10 32/64bit, Windows 8 32/64bit, Windows 7 32/64bit']",,,,['8-Pin'],['No'],,['Dual Slot'],"['400W or greater power supply.PCI Express, PCI Express 2.0 or PCI Express 3.0 compliant motherboard with one graphics slot.']",['120W'],['Yes'],(5)
['1708 MHz'],['EVGA'],['1280'],"['10.50"" x 4.38""']",['NVIDIA'],['Double Fans'],['1506 MHz'],['1 x Dual-Link DVI-D'],"['May 12, 2020']",['DirectX 12'],['3 x DisplayPort 1.4'],['Yes'],,['8008 MHz'],"['PCI Express 3.0 ReadyNVIDIA GameStream TechnologyNVIDIAG-SYNC ReadyOptimized Power TargetOpenGL 4.5 SupportSimultaneous Multi-ProjectionVR ReadyNVIDIA AnselNVIDIA GPU Boost 3.0Microsoft DirectX 12Vulkan APIMax Digital Resolution - 7680 x 4320HDMI 2.0b, DisplayPort 1.4 and Dual-Link DVIBuilt for EVGA Precision XOCEVGA ACX3.0 Cooling']",,['GeForce GTX 1060'],['NVIDIA GeForce GTX 10 Series'],,['1 x HDMI 2.0b'],['PCI Express 3.0'],,['7680 x 4320'],['192-Bit'],['6GB'],['GDDR5'],['06G-P4-6266-KR'],,['OpenGL 4.5'],"['Windows 10 32/64bit, Windows 8 32/64bit, Windows 7 32/64bit']",,,,['8-Pin'],,,['Dual Slot'],"['500W or greater power supply.PCI Express, PCI Express 2.0 or PCI Express 3.0 com pliant motherboard with one graphics slot.']",['120W'],['Yes'],0 reviews
['OC Mode: 1797 MHzGaming Mode: 1771 MHz'],['GIGABYTE'],['1280'],"['8.78"" x 4.76""']",['NVIDIA'],['WINDFORCE 2X'],['OC Mode: 1582 MHzGaming Mode: 1556 MHz'],['2 x Dual-link DVI-D'],"['October 22, 2020']",['DirectX 12'],['1 x DisplayPort 1.4'],['Yes'],,['8008 MHz'],['Powered by GeForce GTX 1060Integrated with 6GB GDDR5 192-bit memoryWINDFORCE 2X with Blade Fan DesignSupport up to 8K display @60HzBuild with 4+1 power phases'],['ATX'],['GeForce GTX 1060'],['NVIDIA GeForce GTX 10 Series'],,['1 x HDMI 2.0b'],['PCI Express 3.0 x16'],['223 mm'],['7680 x 4320'],['192-Bit'],['6GB'],['GDDR5'],['GV-N1060WF2OC-6GD'],['4'],['OpenGL 4.5'],,,,,['6-Pin'],,,['Dual Slot'],['Recommended PSU: 400W'],['120W'],['Yes'],291 (90% Positive)
['1860 MHz in OC mode1835 MHz in Gaming mode'],['GIGABYTE'],['1280'],"['11.02"" x 4.37""']",['NVIDIA'],['Triple Fans'],['1632 MHz in OC mode1607 MHz in Gaming mode'],['1 x Dual-link DVI-D'],"['July 18, 2019']",['DirectX 12'],['3 x DisplayPort 1.4'],['Yes'],,['8008 MHz'],['Powered by GeForce GTX 1060Integrated with 6GB GDDR5 192-bit memoryWINDFORCE 3X with Blade Fan DesignAdvanced Copper Back Plate CoolingRGB Fusion - 16.7M customizable color lightingExtreme overclocking with 6+1 power phasesIntuitive AORUS Graphics Engine'],['ATX'],['GeForce GTX 1060'],['NVIDIA GeForce GTX 10 Series'],,['1 x HDMI 2.0b'],['PCI Express 3.0 x16'],['280 mm'],['7680 x 4320'],['192-Bit'],['6GB'],['GDDR5'],['GV-N1060AORUS-6GD (rev. 2.0)'],['4'],['OpenGL 4.5'],,,,,['8-Pin'],,['AORUS'],['Dual Slot'],['Recommended PSU: 400W'],['120W'],['Yes'],400 (90% Positive)
"['OC mode: 1873 MHzGaming mode (Default): 1847 MHz*Retail goods are with default Gaming Mode, OC Mode can be adjusted with one click on GPU Tweak II']",['ASUS'],['1280'],"['11.73"" x 5.28""']",['NVIDIA'],['Triple Fans'],['OC mode: 1645 MHzGaming mode (Default): 1620 MHz'],['1 x DVI-D'],"['November 21, 2019']",,['2 x DisplayPort 1.4'],,,['8208 MHz'],"['1873 MHz boost clock in OC mode for outstanding performance and gaming experience.DirectCU III with Unique Wing-Blade Fans for 30% cooler and 3X quieter performance.ASUS FanConnect features 4-pin GPU-controlled headers connected to system fans for optimal thermal performance.Industry Only Auto-Extreme Technology with Super Alloy Power II delivers premium quality and best reliability.Aura RGB Lighting to express personalized gaming style.VR-friendly HDMI ports for immersive virtual reality experiences.GPU Tweak II with Xsplit Gamecaster provides intuitive performance tweaking and lets you stream your gameplay instantly.NVIDIA ANSEL for a revolutionary new way to capture in-game screenshots.NVIDIA GameWorks provides an interactive and cinematic experience, as well as incredibly smooth gameplay.']",,['GeForce GTX 1060'],['NVIDIA GeForce GTX 10 Series'],['2.2'],['2 x HDMI 2.0b'],['PCI Express 3.0'],['298 mm'],['7680 x 4320'],['192-Bit'],['6GB'],['GDDR5'],['STRIX-GTX1060-O6G-GAMING'],,['OpenGL 4.5'],,,['Accessories:2 x ROG Cable Ties1 x CD1 x Quick Guide'],,['8-Pin'],['No'],['ROG'],['Dual Slot'],,['120W'],['Yes'],"12,049 (81% Positive)"
"['OC Mode: 1746 MHzGaming Mode (Default): 1708 MHz*Retail goods are with default Gaming Mode, OC Mode can be adjusted with one click on GPU Tweak II']",['ASUS'],['1280'],"['11.73"" x 5.28""']",['NVIDIA'],['Triple Fans'],['OC Mode: 1531 MHzGaming Mode (Default): 1506 MHz'],['1 x Native DVI-D'],"['December 18, 2019']",,['2 x Native DisplayPort 1.4'],,,['8008 MHz'],"['DirectCU III with Unique Wing-Blade Fans for 30% cooler and 3X quieter performance.ASUS FanConnect features 4-pin GPU-controlled headers connected to system fans for optimal thermal performance.Industry Only Auto-Extreme Technology with Super Alloy Power II delivers premium quality and best reliability.Aura RGB Lighting to express personalized gaming style.VR-friendly HDMI ports for immersive virtual reality experiences.GPU Tweak II with Xsplit Gamecaster provides intuitive performance tweaking and lets you stream your gameplay instantly.NVIDIA ANSEL for a revolutionary new way to capture in-game screenshots.NVIDIA GameWorks provides an interactive and cinematic experience, as well as incredibly smooth gameplay.']",,['GeForce GTX 1060'],['NVIDIA GeForce GTX 10 Series'],['Yes'],['2 x Native HDMI 2.0'],['PCI Express 3.0'],['298 mm'],['7680 x 4320'],['192-Bit'],['6GB'],['GDDR5'],['STRIX-GTX1060-6G-GAMING'],,['OpenGL 4.5'],,,['Accessory Bundled: 2 x ROG Cable TiesSoftware Bundled: ASUS GPU Tweak II & Driver'],,['8-Pin'],['No'],['ROG'],['Dual Slot'],,['120W'],['Yes'],(32)
['1873 MHz'],['ASUS'],['1280'],,['NVIDIA'],,['1645 MHz'],['DVI-D'],"['December 18, 2019']",['DirectX 12'],['2 x DisplayPort'],,,,,,['GeForce GTX 1060'],['NVIDIA GeForce GTX 10 Series'],,['2 x HDMI 2.0'],['PCI Express 3.0 x16'],,['7680 x 4320'],['192-Bit'],['6GB'],['GDDR5'],['90YV09Q0-M0NA00'],,['OpenGL 4.5'],,,,,,,,,,['120W'],,0 reviews
['1771 MHz in OC Mode1746 MHz in Gaming Mode'],['GIGABYTE'],['1152'],,['NVIDIA'],['Single Fan'],['1556 MHz in OC Mode1531 MHz in Gaming Mode'],['1 x Dual-Link DVI-D + DVI-D (iron case)'],"['April 09, 2019']",['DirectX 12'],['1 x DisplayPort'],['Yes'],,['8008 MHz'],['Powered by GeForce GTX 1060Integrated with 3GB GDDR5 192-bit memory90mm cooler with 3D active fanOne-click Super Overclocking17cm Compact Card Size'],['ATX'],['GeForce GTX 1060'],['NVIDIA GeForce GTX 10 Series'],,['1 x HDMI'],['PCI Express 3.0 x16'],,['7680 x 4320'],['192-Bit'],['3GB'],['GDDR5'],['GV-N1060IXOC-3GD'],['4'],['OpenGL 4.5'],,,,,['6-Pin'],,,['Dual Slot'],['System PSU Limitation: 400W'],['120W'],['Yes'],(23)
['OC Mode: 1847 MHzGaming Mode: 1809 MHz'],['GIGABYTE'],['1280'],"['10.94"" x 4.49""']",['NVIDIA'],['WINDFORCE 2X'],['OC Mode: 1620 MHzGaming Mode: 1594 MHz'],['1 x Dual-link DVI-D'],"['October 22, 2020']",['DirectX 12'],['3 x DisplayPort 1.4'],['Yes'],,['8008 MHz'],['Powered by GeForce GTX 1060Integrated with 6GB GDDR5 192-bit memoryWINDFORCE 2X with Blade Fan DesignSupport up to 8K display @60Hz16.8M Customizable Color RGB Lighting'],['ATX'],['GeForce GTX 1060'],['NVIDIA GeForce GTX 10 Series'],,['1 x HDMI 2.0b'],['PCI Express 3.0 x16'],['278 mm'],['7680 x 4320'],['192-Bit'],['6GB'],['GDDR5'],['GV-N1060G1 GAMING-6GD REV 2.0'],['4'],['OpenGL 4.5'],,,,,['8-Pin'],,,['Dual Slot'],['System PSU Limitation\t: 400WGPU (TDP): 120W (Real)Total Graphics Power (TGP): 155W (Real)'],['120W'],['Yes'],291 (90% Positive)
,['GIGABYTE'],,,,,,,"['September 09, 2019']",,,,,,,,,,,,,,,,,,,,,,,,,,,,,,,,0 reviews
,['Zotac'],,,['NVIDIA'],['Double Fans'],,,"['May 21, 2020']",,,,['Air Cooler'],,,,['GeForce GTX 1060'],['NVIDIA GeForce GTX 10 Series'],,,['PCI Express 3.0 x16'],,,,['6GB'],,['GTX 1060 6GB'],,,,['ZT-P10600B-10M'],,,,['SLI Ready'],['AMP!'],,,['120W'],['Yes'],0 reviews
,['PNY'],,,['NVIDIA'],['Double Fans'],,,"['May 01, 2019']",,,,,,,,['GeForce GTX 1060'],['NVIDIA GeForce GTX 10 Series'],,,,,,,['3GB'],,,,,,,,,,,,,,['120W'],,291 (90% Positive)
,['ASUS'],,,['NVIDIA'],['Double Fans'],,,"['May 21, 2020']",,,,,,,,,,,,['PCI Express 3.0'],,,,['6GB'],,,,,,,,,,,,,,,,0 reviews
,,,,,['Double Fans'],,,"['January 24, 2020']",,,,,,,,,,,,,,,,['6GB'],,,,,,['1060 GAMING 6G'],,,,,,,,,,0 reviews
['1708 MHz'],['ASUS'],['1280'],"['7.20"" x 4.76""']",['NVIDIA'],['Phoenix Fan'],['1506 MHz'],['1 x Dual-link DVI-D'],"['September 12, 2020']",,['2 x DisplayPort 1.4'],['Yes'],,['8008 MHz'],['Powered by NVIDIA Pascal with a 1708 MHz boost clock in shorter form factorPhoenix double-ball bearing fan provides superior airflow and cooling with 2x longer lifespanAuto-extreme Manufacturing Technology delivers premium quality and reliability with aerospace-grade Super Alloy Power II components to run faster and last longer than referenceVR-ready dual HDMI ports to simultaneously connect a VR device and display for immersive VR experiencesGPU Tweak II with XSplit Gamecaster provides intuitive performance tweaking and real-time streaming'],,['GeForce GTX 1060'],['NVIDIA GeForce GTX 10 Series'],['Yes'],['2 x HDMI 2.0b'],['PCI Express 3.0'],['183 mm'],['7680 x 4320'],['192-Bit'],['6GB'],['GDDR5'],['PH-GTX1060-6G'],['4'],['OpenGL 4.5'],,,['Accessories:1 x CD1 x Quick Guide'],,['6-Pin'],['No'],['Phoenix'],['Dual Slot'],['Recommended PSU: 500W'],['120W'],['Yes'],0 reviews
,,,,,,,,"['August 05, 2020']",,,,,,,,,,,,,,,,,,,,,,,,,,,,,,,,0 reviews
,,,,,,,,"['April 13, 2020']",,,,,,,,,,,,,,,,,,,,,,,,,,,,,,,,0 reviews
,['EVGA'],,,,,,,"['May 06, 2019']",,,,,,,,,,,,,,,,,,['06G-P4-6163-KR'],,,,,,,,,,,,,,0 reviews
['N/A'],['EVGA'],['1280'],"['6.80"" x 4.38""']",['NVIDIA'],['Single Fan'],['1607 MHz'],['1 x Dual-Link DVI-D'],"['May 06, 2019']",['DirectX 12'],['3 x DisplayPort 1.4'],['Yes'],,['8008 MHz'],"['NVIDIA GameStream Technology  NVIDIAG-SYNC Ready  OpenGL 4.5 Support  Simultaneous Multi-Projection  VR Ready  NVIDIA Ansel  NVIDIA GPU Boost 3.0  Microsoft DirectX 12  Vulkan API  PCI Express 3.0  Max Digital Resolution - 7680 x 4320  HDMI 2.0b, DisplayPort 1.4 and Dual-Link DVI  Built for EVGA Precision XOC']",,['GeForce GTX 1060'],['NVIDIA GeForce GTX 10 Series'],['Yes'],['2 x HDMI 2.0b'],['PCI Express 3.0'],['173 mm'],['7680 x 4320'],['192-Bit'],['6GB'],['GDDR5'],['06G-P4-6163-KR'],['4'],['OpenGL 4.5'],"['Windows 10 32/64bit, Windows 8 32/64bit, Windows 7 32/64bit, Windows Vista 32/64bit']",['GTX 1060 SC ACX Single'],,,['6-Pin'],['No'],,['Dual Slot'],"['400W or greater power supply. PCI Express, PCI Express 2.0 or PCI Express 3.0 compliant motherboard with one graphics slot.']",['120W'],['Yes'],0 reviews
,,['1152'],,['NVIDIA'],['Double Fans'],['1709MHz'],['1 x DVI'],"['March 07, 2019']",['DirectX 12'],['1 x DisplayPort'],,,,,,,['GTX1060'],,['1 x HDMI'],,,,['192-Bit'],['3GB'],,,,,,,,,,,,,,,,0 reviews
['1708 MHz'],['EVGA'],['1152'],"['10.50"" x 4.38""']",['NVIDIA'],['With Fan'],['1506 MHz'],['1 x Dual-Link DVI-D'],"['May 21, 2020']",['DirectX 12'],['3 x DisplayPort 1.4'],['Yes'],,['8008 MHz'],"['NVIDIA GameStream TechnologyNVIDIA G-SYNC ReadyOpenGL 4.5 SupportSimultaneous Multi-ProjectionVR ReadyNVIDIA AnselNVIDIA GPU Boost 3.0Microsoft DirectX 12Vulkan APIPCI Express 3.0Max Digital Resolution - 7680x4320HDMI 2.0b, DisplayPort 1.4 and Dual-Link DVIBuilt for EVGA Precision XOC']",,['GeForce GTX 1060'],['NVIDIA GeForce GTX 10 Series'],,['1 x HDMI 2.0b'],['PCI Express 3.0'],['267 mm'],['7680 x 4320'],['192-Bit'],['3GB'],['GDDR5'],['03G-P4-5160-KR'],['4'],['OpenGL 4.5'],"['Windows 10 32/64bit, Windows 8 32/64bit, Windows 7 32/64bit']",,,,['6-Pin'],,,['Dual Slot'],"['400 Watts or greater power supply.PCI Express, PCI Express 2.0 or PCI Express 3.0 compliant motherboard with one graphics slot.']",['120W'],['Yes'],0 reviews
['1708 MHz'],['Dell'],['1152'],"['9.82"" x 4.37""']",['NVIDIA'],['Single Fan'],['1506 MHz'],['1 x DVI'],"['December 03, 2018']",['DirectX 12'],['3 x DisplayPort 1.4'],,,['8 Gbps'],,,['GeForce GTX 1060'],['NVIDIA GeForce GTX 10 Series'],,['1 x HDMI 2.0b'],['PCI Express 3.0 x16'],,['7680 x 4320'],['192-Bit'],['3GB'],['GDDR5'],['CD6TT'],['4'],['OpenGL 4.5'],,,,,['6-Pin'],['No'],,['Dual Slot'],"['Power and Thermal: 120W Minimum System Requirements: PCI Express-compliant motherboard with one dual-width x16 graphics slot One 6-pin PCI Express supplementary power connectors Minimum 400W or greater system power supply 350MB of available hard-disk space 4GB system memory (6GB or higher recommended) Windows 7-10, Linux, FreeBSDx86 Internet connection']",['120W'],['Yes'],0 reviews
['1759 MHz'],['MSI'],['1280'],"['9.57"" x 4.53""']",['NVIDIA'],['Double Fans'],['1544 MHz'],['1 x DL-DVI-D'],"['June 13, 2019']",['DirectX 12'],['3 x DisplayPort 1.4'],['Yes'],,['8008 MHz'],,['ATX'],['GeForce GTX 1060'],['NVIDIA GeForce GTX 10 Series'],['2.2'],['1 x HDMI 2.0'],['PCI Express 3.0 x16'],['243 mm'],,['192-Bit'],['6GB'],['GDDR5'],['GTX 1060 6GT OCV1'],['3'],['OpenGL 4.5'],,,,,['6-Pin'],,,['Dual Slot'],['Power Consumption: 120W    Recommended PSU: 400W'],['120W'],['Yes'],0 reviews
['1759 MHz'],['MSI'],['1280'],"['7.40"" x 4.57""']",['NVIDIA'],['Single Fan'],['1544 MHz'],['1 x DL-DVI-D'],"['August 08, 2019']",['DirectX 12'],['1 x DisplayPort 1.4'],['Yes'],,['8008 MHz'],"[""Military Class 4 Components - Certified to MIL-STD-810G standards for top stability and quality. - Built with Hi-c CAP and Solid CAP components.  Afterburner Overclocking Utility - Wireless control through Android/iOS devices. - Predator: In-game video recording. - Kombustor: built-in DirectX12 benchmark.  NVIDIA G-SYNC - Synchronizes the display refresh to your GeForce GTX GPU for the fast, smooth gaming.  GeForce GTX VR Ready - NVIDIA's unique set of features ensure you get the right level of performance, image quality, and latency to ensure your VR experience is nothing short of amazing.""]",['ATX'],['GeForce GTX 1060'],['NVIDIA GeForce GTX 10 Series'],['2.2'],['1 x HDMI 2.0'],['PCI Express 3.0 x16'],['188 mm'],,['192-Bit'],['6GB'],['GDDR5'],['GTX 1060 6G OCV1'],['3'],['OpenGL 4.5'],,,,,['6-Pin'],,,['Dual Slot'],['Power consumption: 120W Recommended PSU: 400W'],['120W'],['Yes'],0 reviews
,['MSI'],,,['NVIDIA'],['Single Fan'],,,"['September 20, 2019']",,,,,,,,['GeForce GTX 1060'],['NVIDIA GeForce GTX 10 Series'],,,,,,,['6GB'],,,,,,,,,,,,,,['120W'],,0 reviews
['1746 MHz (OC Mode)1733 MHz (Gaming Mode)1708 MHz (Silent Mode)'],['MSI'],,"['10.91"" x 5.51""']",['NVIDIA'],['Double Fans'],['1531 MHz (OC Mode)1518 MHz (Gaming Mode)1506 MHz (Silent Mode)'],['1 x DL-DVI-D'],"['June 13, 2019']",['DirectX 12'],['3 x DisplayPort 1.4'],['Yes'],,['8000 MHz'],"['The Ultimate GAMING: TWIN FROZR VI- Smooth heat pipes: Squared shape at bottommaximize heat transfer from the copper base plate- Zero Frozr: Stopping the fan in low-load situations, keeping a noise-free environment- Airflow Control technology: Deflectors thrusts air onto heat pipes for lower temperatures and better gamingTORX FAN 2.0: Supremely silent- Dispersion fan blade: Steeper curved blade accelerating the airflow- Traditional fan blade: Provides steady airflow to massive heatsink belowGaming App- Instant Performance Gain: Unlock extra performance or keep your card silent during light use in one click- LED control: Full control on your RGB GAMING LEDs to set the mood- Mobile APP: Control your graphics card from your phone']",['ATX'],['GeForce GTX 1060'],['NVIDIA GeForce GTX 10 Series'],['2.2'],['1 x HDMI 2.0'],['PCI Express 3.0 x16'],['277 mm'],['7680 x 4320'],['192-Bit'],['6GB'],['GDDR5'],['GeForce GTX 1060 GAMING 6G'],['4'],['OpenGL 4.5'],,,['Accessories:Driver CDInstallation Guide'],,['8-Pin'],,,['Dual Slot'],['Power Consumption: 120WRecommended PSU: 400W'],['120W'],['Yes'],(53)
['1759 MHz'],['MSI'],['1152'],"['9.57"" x 4.53""']",['NVIDIA'],['Double Fans'],['1544 MHz'],['1 x DL-DVI-D'],"['February 06, 2020']",['DirectX 12'],['1 x DisplayPort 1.4'],['Yes'],,['8008 MHz'],"[""Military Class 4 Components- Certified to MIL-STD-810G standards for top stability and quality.- Built with Hi-c CAP and Solid CAP components.Dual Fans Thermal Design- Dual fans covers more area of heatsink to take heat away more efficiently.Afterburner Overclocking Utility- Wireless control through Android/iOS devices.- Predator: In-game video recording.- Kombustor: built-in DirectX12 benchmark.GeForce GTX VR Ready- NVIDIA's unique set of features ensure you get the right level of performance, image quality, and latency to ensure your VR experience is nothing short of amazing.""]",['ATX'],['GeForce GTX 1060'],['NVIDIA GeForce GTX 10 Series'],['2.2'],['1 x HDMI 2.0'],['PCI Express 3.0 x16'],['243 mm'],,['192-Bit'],['3GB'],['GDDR5'],['GTX 1060 3GT OC'],['3'],['OpenGL 4.5'],,,,,['6-Pin'],,,['Dual Slot'],['Power consumption: 120WRecommended PSU: 400W'],['120W'],['Yes'],(28)
['1759 MHz'],['MSI'],['1280'],"['10.98"" x 5.51""']",['NVIDIA'],['Double Fans'],['1544 MHz'],['1 x DL-DVI-D'],"['June 13, 2019']",['DirectX 12'],['3 x DisplayPort 1.4'],['Yes'],,['8000 MHz'],"['Armor 2X Thermal Design- TORX Fan:Dispersion fan blade: Steep curved blade accelerating the airflow.Traditional fan blade: Provides steady airflow to massive heat sink below.- Zero Frozr:Stopping the fan in low-load situations, keeping a noise-free environment.- Advanced Airflow Control technology:Improves cooling efficiency by using advanced aerodynamics to focus airflow.Afterburner Overclocking Utility- Wireless control through Android/iOS devices.- Predator: In-game video recording.- Kombustor: built-in DirectX12 benchmark.Military Class 4 Components- Certified to MIL-STD-810G standards for top stability and quality.- Built with Hi-c CAP, Solid CAP, and New SFC components.']",['ATX'],['GeForce GTX 1060'],['NVIDIA GeForce GTX 10 Series'],['Yes'],['1 x HDMI 2.0'],['PCI Express 3.0 x16'],,['7680 x 4320'],['192-Bit'],['6GB'],['GDDR5'],['GTX 1060 ARMOR 6G OC'],['4'],['OpenGL 4.5'],,,['Accessories:Driver CDInstallation Guide'],,['8-Pin'],,,['Dual Slot'],['Power consumption: 120WRecommended PSU: 400W'],['120W'],['Yes'],(9)
['1759 MHz'],['MSI'],['1280'],"['10.83"" x 5.39""']",['NVIDIA'],['Double Fans'],['1544 MHz'],['1 x DL-DVI-D'],"['October 22, 2020']",['DirectX 12'],['2 x DisplayPort 1.4'],['Yes'],,['8008 MHz'],"['Armor 2X Thermal Design- TORX FanDispersion fan blade: Steep curved blade accelerating the airflow.Traditional fan blade: Provides steady airflow to massive heat sink below.- Zero FrozrStopping the fan in low-load situations, keeping a noise-free environment.- Advanced Airflow Control technologyImproves cooling efficiency by using advanced aerodynamics to focus airflow.Afterburner Overclocking Utility- Wireless control through Android/iOS devices.- Predator: In-game video recording.- Kombustor: built-in DirectX12 benchmark.Military Class 4 Components- Certified to MIL-STD-810G standards for top stability and quality.- Built with Hi-c CAP, Solid CAP, and New SFC components.']",['ATX'],['GeForce GTX 1060'],['NVIDIA GeForce GTX 10 Series'],['2.2'],['2 x HDMI 2.0'],['PCI Express 3.0 x16'],['275 mm'],['7680 x 4320'],['192-Bit'],['6GB'],['GDDR5'],['GTX 1060 ARMOR 6G OCV1'],['4'],['OpenGL 4.5'],,,['Accessories:Driver CDInstallation Guide'],,['8-Pin'],,,['Dual Slot'],['Power consumption: 120WRecommended PSU: 400W'],['120W'],['Yes'],291 (90% Positive)
['1759 MHz'],['MSI'],['1280'],"['6.89"" x 4.53""']",['NVIDIA'],['Single Fan'],['1544 MHz'],['1 x DL-DVI-D'],"['June 13, 2019']",['DirectX 12'],['2 x DisplayPort 1.4'],['Yes'],,['8008 MHz'],"['ITX Thermal Design- TORX FanDispersion fan blade: Steep curved blade accelerating the airflow.Traditional fan blade: Provides steady airflow to massive heat sink below.- Zero Frozr Stopping the fan in low-load situations, keeping a noise-free environment.- Airflow Control Improves cooling efficiency by using advanced aerodynamics to focus the airflow.- Super Pipe Improved dissipation by using thick 8mm heat pipe in optimized layout.Afterburner Overclocking Utility- Wireless control through Android/iOS.- Predator: In-game video recording.- Kombustor: built-in DirectX12 benchmark.NVIDIA G-SYNC- Synchronizes the display refresh to your GeForce GTX GPU for the fast, smooth gaming.']",,['GeForce GTX 1060'],['NVIDIA GeForce GTX 10 Series'],['2.2'],['2 x HDMI 2.0'],['PCI Express 3.0 x16'],['175 mm'],,['192-Bit'],['6GB'],['GDDR5'],['GTX 1060 AERO ITX 6G OC'],['4'],['OpenGL 4.5'],,,,,['6-Pin'],,,['Dual Slot'],['Power consumption: 120WRecommended PSU: 400W'],['120W'],['Yes'],(11)
['1759 MHz'],['MSI'],['1280'],"['9.72"" x 4.53""']",['NVIDIA'],['Double Fans'],['1544 MHz'],['1 x DL-DVI-D'],"['June 13, 2019']",['DirectX 12'],['1 x DisplayPort'],['Yes'],,['8000 MHz'],"[""Military Class 4 Components- Certified to MIL-STD-810G standards for top stability and quality.- Built with Hi-c CAP and Solid CAP components.Dual Fans Thermal Design- Dual fans covers more area of heatsink to take heat away more efficiently.Afterburner Overclocking Utility- Wireless control through Android/iOS devices.- Predator: In-game video recording.- Kombustor: built-in DirectX12 benchmark.GeForce GTX VR Ready- NVIDIA's unique set of features ensure you get the right level of performance, image quality, and latency to ensure your VR experience is nothing short of amazing.""]",['ATX'],['GeForce GTX 1060'],['NVIDIA GeForce GTX 10 Series'],['Yes'],['1 x HDMI'],['PCI Express 3.0 x16'],,,['192-Bit'],['6GB'],['GDDR5'],['GTX 1060 6GT OC'],['2'],['OpenGL 4.5'],,,['Accessories:Driver CDInstallation Guide'],,['6-Pin'],,,['Dual Slot'],['Power Consumption: 120WRecommended PSU: 400W'],['120W'],['Yes'],(13)
['1759 MHz'],['MSI'],['1280'],"['7.40"" x 4.57""']",['NVIDIA'],['Single Fan'],['1544 MHz'],['1 x DL-DVI-D'],"['October 22, 2020']",['DirectX 12'],['1 x DisplayPort 1.4'],['Yes'],,['8008 MHz'],"[""Military Class 4 Components- Certified to MIL-STD-810G standards for top stability and quality.- Built with Hi-c CAP and Solid CAP components.Afterburner Overclocking Utility- Wireless control through Android/iOS devices.- Predator: In-game video recording.- Kombustor: built-in DirectX12 benchmark.NVIDIA G-SYNC- Synchronizes the display refresh to your GeForce GTX GPU for the fast, smooth gaming.GeForce GTX VR Ready- NVIDIA's unique set of features ensure you get the right level of performance, image quality, and latency to ensure your VR experience is nothing short of amazing.""]",['ATX'],['GeForce GTX 1060'],['NVIDIA GeForce GTX 10 Series'],['2.2'],['1 x HDMI 2.0'],['PCI Express 3.0 x16'],['188 mm'],,['192-Bit'],['6GB'],['GDDR5'],['GTX 1060 6G OCV1'],['3'],['OpenGL 4.5'],,,,,['6-Pin'],,,['Dual Slot'],['Power consumption: 120WRecommended PSU: 400W'],['120W'],['Yes'],291 (90% Positive)
['1708 MHz'],['PNY'],['1280'],"['9.92"" x 4.40""']",['NVIDIA'],['Double Fans'],['1506 MHz'],['1 x DL-DVI-D'],"['October 26, 2020']",['DirectX 12'],['3 x DisplayPort 1.4'],['Yes'],,['8 GBps'],['Simultaneous Multi-ProjectionVR ReadyNVIDIA Ansel SupportNVIDIA G-SYNCNVIDIA GameStreamNVIDIA GPU Boost 3.0Microsoft DirectX 12 SupportVulkan API SupportOpen GL 4.5 SupportPCI Express 3.0Max Digital Resolution - 7680 x 4320 @ 60HzDisplay Connectors- 3 x DisplayPort 1.4- HDMI 2.0b- DL-DVI'],,['GeForce GTX 1060'],['NVIDIA GeForce GTX 10 Series'],,['1 x HDMI 2.0b'],['PCI Express 3.0 x16'],['252 mm'],['7680 x 4320'],['192-Bit'],['6GB'],['GDDR5'],['VCGGTX10606PB'],['4'],['OpenGL 4.5'],,,,,['6-Pin'],,,['Dual Slot'],"['Power and Thermal: 120WMinimum System Requirements:PCI Express-compliant motherboard with one dual-width x16 graphics slotOne 6-pin PCI Express supplementary power connectorsMinimum 400W or greater system power supply350MB of available hard-disk space4GB system memory (6GB or higher recommended)Windows 7-10, Linux, FreeBSDx86Internet connection']",['120W'],['Yes'],237 (95% Positive)
['1.76 GHz'],['MSI'],,,['NVIDIA'],,['1.54 GHz'],['Yes'],"['April 09, 2019']",,['Yes'],['Yes'],,,,['Plug-in Card'],['GTX 1060'],,,['Yes'],,,,['192-Bit'],['3GB'],['GDDR5'],,,['OpenGL'],,['GTX 1060 3GT OC'],,,,,['GTX 10'],,,,,0 reviews
['1759 MHz'],['MSI'],['1280'],"['10.83"" x 5.39""']",['NVIDIA'],['Double Fans'],['1544 MHz'],['1 x DL-DVI-D'],"['June 13, 2019']",['DirectX 12'],['2 x DisplayPort 1.4'],['Yes'],,['8008 MHz'],,['ATX'],['GeForce GTX 1060'],['NVIDIA GeForce GTX 10 Series'],['2.2'],['2 x HDMI 2.0'],['PCI Express 3.0 x16'],['275 mm'],['7680 x 4320'],['192-Bit'],['6GB'],['GDDR5'],['GTX 1060 ARMOR 6G OCV1'],['4'],['OpenGL 4.5'],,,['Accessories: Driver CD Installation Guide'],,['8-Pin'],,,['Dual Slot'],['Power consumption: 120W Recommended PSU: 400W'],['120W'],['Yes'],0 reviews
['1797 MHz'],['PNY'],['1280'],"['9.17"" x 5.51""']",['NVIDIA'],['Double Fans'],['1582 MHz'],['1 x DL-DVI'],"['October 26, 2020']",['DirectX 12'],['3 x DisplayPort 1.4'],['Yes'],,['8 Gbps'],['Factory OverclockedPNY Silent XLR8 Twin CoolerSimultaneous Multi-ProjectionVR ReadyNVIDIA Ansel SupportNVIDIA SLI w/ HB Bridge SupportNVIDIA G-SYNCNVIDIA GameStreamNVIDIA GPU Boost 3.0Microsoft DirectX 12 SupportVulkan API SupportOpen GL 4.5 SupportPCI Express 3.0Max Digital Resolution - 7680 x 4320 at 60Hz3 x DisplayPort 1.4HDMI 2.0bDL-DVI'],,['GeForce GTX 1060'],['NVIDIA GeForce GTX 10 Series'],,['1 x HDMI 2.0b'],['PCI Express 3.0 x16'],['233 mm'],['7680 x 4320'],['192-Bit'],['6GB'],['GDDR5'],['VCGGTX10606XGPB-OC'],['4'],['OpenGL 4.5'],"['Microsoft Windows 10, Windows 8, Windows 7, Linux, FreeBSDx86']",,,,['8-Pin'],,,['Dual Slot'],['TDP: 120WPCI Express-compliant motherboard with one double-width x16 graphics slotMinimum 500W or greater system power supply300MB of available hard-disk space2GB system memory (4GB or higher recommended)DVD-ROM drive and Internet connection'],['120W'],,291 (90% Positive)
['1708 MHz'],['PNY'],['1152'],"['9.92"" x 4.40""']",['NVIDIA'],['Double Fans'],['1506 MHz'],['1 x DL-DVI'],"['June 30, 2020']",['DirectX 12'],['3 x DisplayPort 1.4'],['Yes'],,,['VR ReadySimultaneous Multi-ProjectionNVIDIA Ansel SupportNVIDIA G-SYNCNVIDIA GameStreamNVIDIA GPU Boost 3.0Microsoft DirectX 12 SupportVulkan API SupportOpen GL 4.5 SupportPCI Express 3.0Max Digital Resolution: 7680x4320@60HzDisplay Connectors:- 3 x DisplayPort 1.4- HDMI 2.0b- DL-DVI'],,['GeForce GTX 1060'],['NVIDIA GeForce GTX 10 Series'],,['1 x HDMI 2.0b'],['PCI Express 3.0 x16'],['252 mm'],['7680 x 4320'],['192-Bit'],['3GB'],['GDDR5'],['VCGGTX10603PB'],['4'],['OpenGL 4.5'],,,,,['6-Pin'],,,['Dual Slot'],"['PCI Express-compliant motherboard with one dual-width x16 graphics slotOne 6-pin PCI Express supplementary power connectorsMinimum 400W or greater system power supply*300MB of available hard-disk space2GB system memory (4GB or higher recommended)Windows 7-10, Linux, FreeBSDx86DVD-ROM drive and Internet connection**TDP: 120W*Recommendation is made based on PC configured with an Intel Core i7 3.2 GHz processor. Pre-built system may require less power depending on system configuration.**Graphics Card driver is not included in the box; GeForce Experience will download the latest GeForce driver from the Internet after install.']",['120W'],['Yes'],(16)
['1759 MHz'],['MSI'],['1280'],"['6.89"" x 4.53""']",['NVIDIA'],['Single Fan'],['1544 MHz'],['1 x DL-DVI-D'],"['June 13, 2019']",['DirectX 12'],['2 x DisplayPort 1.4'],['Yes'],,['8008 MHz'],,,['GeForce GTX 1060'],['NVIDIA GeForce GTX 10 Series'],['2.2'],['2 x HDMI 2.0'],['PCI Express 3.0 x16'],['175 mm'],,['192-Bit'],['6GB'],['GDDR5'],['GTX 1060 AERO ITX 6G OC'],['4'],['OpenGL 4.5'],,,,,['6-Pin'],,,['Dual Slot'],['Power consumption: 120W Recommended PSU: 400W'],['120W'],['Yes'],0 reviews
['1759 MHz'],['MSI'],['1280'],"['10.98"" x 5.51""']",['NVIDIA'],['Double Fans'],['1544 MHz'],['1 x DL-DVI-D'],"['August 08, 2019']",['DirectX 12'],['3 x DisplayPort 1.4'],['Yes'],,['8000 MHz'],"['Armor 2X Thermal Design - TORX Fan: Dispersion fan blade: Steep curved blade accelerating the airflow. Traditional fan blade: Provides steady airflow to massive heat sink below. - Zero Frozr: Stopping the fan in low-load situations, keeping a noise-free environment. - Advanced Airflow Control technology: Improves cooling efficiency by using advanced aerodynamics to focus airflow.  Afterburner Overclocking Utility - Wireless control through Android/iOS devices. - Predator: In-game video recording. - Kombustor: built-in DirectX12 benchmark.  Military Class 4 Components - Certified to MIL-STD-810G standards for top stability and quality. - Built with Hi-c CAP, Solid CAP, and New SFC components.']",['ATX'],['GeForce GTX 1060'],['NVIDIA GeForce GTX 10 Series'],['Yes'],['1 x HDMI 2.0'],['PCI Express 3.0 x16'],,['7680 x 4320'],['192-Bit'],['6GB'],['GDDR5'],['GTX 1060 ARMOR 6G OC'],['4'],['OpenGL 4.5'],,,,,['8-Pin'],,,['Dual Slot'],['Power consumption: 120W Recommended PSU: 400W'],['120W'],['Yes'],0 reviews
['1746 MHz (OC Mode) 1733 MHz (Gaming Mode) 1708 MHz (Silent Mode)'],['MSI'],,"['10.91"" x 5.51""']",['NVIDIA'],['Double Fans'],['1531 MHz (OC Mode) 1518 MHz (Gaming Mode) 1506 MHz (Silent Mode)'],['1 x DL-DVI-D'],"['September 26, 2019']",['DirectX 12'],['3 x DisplayPort 1.4'],['Yes'],,['8000 MHz'],"['The Ultimate GAMING: TWIN FROZR VI - Smooth heat pipes: Squared shape at bottommaximize heat transfer from the copper base plate - Zero Frozr: Stopping the fan in low-load situations, keeping a noise-free environment - Airflow Control technology: Deflectors thrusts air onto heat pipes for lower temperatures and better gaming  TORX FAN 2.0: Supremely silent - Dispersion fan blade: Steeper curved blade accelerating the airflow - Traditional fan blade: Provides steady airflow to massive heatsink below  Gaming App - Instant Performance Gain: Unlock extra performance or keep your card silent during light use in one click - LED control: Full control on your RGB GAMING LEDs to set the mood - Mobile APP: Control your graphics card from your phone']",['ATX'],['GeForce GTX 1060'],['NVIDIA GeForce GTX 10 Series'],['2.2'],['1 x HDMI 2.0'],['PCI Express 3.0 x16'],['277 mm'],['7680 x 4320'],['192-Bit'],['6GB'],['GDDR5'],['GeForce GTX 1060 GAMING 6G'],['4'],['OpenGL 4.5'],,,['Accessories: Driver CD Installation Guide'],,['8-Pin'],,,['Dual Slot'],['Power Consumption: 120W Recommended PSU: 400W'],,['Yes'],0 reviews
['1809 MHz (OC Mode) 1784 MHz (Gaming Mode) 1708 MHz (Silent Mode)'],['MSI'],['1280'],"['11.00"" x 5.51""']",['NVIDIA'],['Double Fans'],['1594 MHz (OC Mode) 1569 MHz (Gaming Mode) 1506 MHz (Silent Mode)'],['1 x DL-DVI-D'],"['July 16, 2019']",['DirectX 12'],['3 x DisplayPort 1.4'],['Yes'],,['8108 MHz (OC Mode) 8008 MHz (Gaming Mode) 8008 MHz (Silent Mode)'],,['ATX'],['GeForce GTX 1060'],['NVIDIA GeForce GTX 10 Series'],['2.2'],['1 x HDMI 2.0'],['PCI Express 3.0 x16'],['277 mm'],['7680 x 4320'],['192-Bit'],['6GB'],['GDDR5'],['GTX 1060 GAMING X 6G'],['4'],['OpenGL 4.5'],['Power Consumption: 120W Recommended PSU: 400W'],,['Accessories: Driver CD Installation Guide'],,['8-Pin'],,,['Dual Slot'],,['120W'],['Yes'],0 reviews
['1759 MHz'],['MSI'],['1280'],"['9.57"" x 4.53""']",['NVIDIA'],['Double Fans'],['1544 MHz'],['1 x DL-DVI-D'],"['June 13, 2019']",['DirectX 12'],['1 x DisplayPort 1.4'],['Yes'],,['8008 MHz'],"[""Military Class 4 Components - Certified to MIL-STD-810G standards for top stability and quality. - Built with Hi-c CAP and Solid CAP components.  Dual Fans Thermal Design - Dual fans covers more area of heatsink to take heat away more efficiently.  Afterburner Overclocking Utility - Wireless control through Android/iOS devices. - Predator: In-game video recording. - Kombustor: built-in DirectX 12 benchmark.  GeForce GTX VR Ready - NVIDIA's unique set of features ensure you get the right level of performance, image quality, and latency to ensure your VR experience is nothing short of amazing.""]",['ATX'],['GeForce GTX 1060'],['NVIDIA GeForce GTX 10 Series'],['2.2'],['1 x HDMI 2.0'],['PCI Express 3.0 x16'],['243 mm'],,['192-Bit'],['6GB'],['GDDR5'],['GTX 1060 6GT OCV1'],['3'],['OpenGL 4.5'],,,,,['6-Pin'],,,['Dual Slot'],['Power Consumption: 120W Recommended PSU: 400W'],,['Yes'],0 reviews
['1809 MHz (OC Mode) 1784 MHz (Gaming Mode) 1708 MHz (Silent Mode)'],['MSI'],['1280'],"['11.00"" x 5.51""']",['NVIDIA'],['Double Fans'],['1594 MHz (OC Mode) 1569 MHz (Gaming Mode) 1506 MHz (Silent Mode)'],['1 x DL-DVI-D'],"['February 06, 2020']",['DirectX 12'],['3 x DisplayPort 1.4'],['Yes'],,['8108 MHz (OC Mode) 8008 MHz (Gaming Mode) 8008 MHz (Silent Mode)'],"['The Ultimate GAMING: TWIN FROZR VI - Smooth heat pipes: Squared shape at bottommaximize heat transfer from the copper base plate - Zero Frozr: Stopping the fan in low-load situations, keeping a noise-free environment - Airflow Control technology: Deflectors thrusts air onto heat pipes for lower temperatures and better gaming  TORX FAN 2.0: Supremely silent - Dispersion fan blade: Steeper curved blade accelerating the airflow - Traditional fan blade: Provides steady airflow to massive heatsink below  Gaming App - Instant Performance Gain: Unlock extra performance or keep your card silent during light use in one click - LED control: Full control on your RGB GAMING LEDs to set the mood - Mobile APP: Control your graphics card from your phone']",['ATX'],['GeForce GTX 1060'],['NVIDIA GeForce GTX 10 Series'],['2.2'],['1 x HDMI 2.0'],['PCI Express 3.0 x16'],['277 mm'],['7680 x 4320'],['192-Bit'],['6GB'],['GDDR5'],['GTX 1060 GAMING X 6G'],['4'],['OpenGL 4.5'],,,['Accessories: Driver CD Installation Guide'],,['8-Pin'],,,['Dual Slot'],['Power Consumption: 120W Recommended PSU: 400W'],,['Yes'],0 reviews
['N/A'],['EVGA'],['1280'],"['6.80"" x 4.38""']",['NVIDIA'],['Single Fan'],['1506 MHz'],['1 x Dual-Link DVI-D'],"['September 16, 2019']",['DirectX 12'],['3 x DisplayPort 1.4'],['Yes'],['None'],['8008 MHz'],,,['GeForce GTX 1060'],['NVIDIA GeForce GTX 10 Series'],['Yes'],['1 x HDMI 2.0b'],['PCI Express 3.0'],['173 mm'],['7680 x 4320'],['192-Bit'],['6GB'],['GDDR5'],['06G-P4-6161-KR'],['4'],['OpenGL 4.5'],"['Windows 10 32/64bit, Windows 8 32/64bit, Windows 7 32/64bit, Windows Vista 32/64bit']",['GTX 1060 ACX Single'],,,['6-Pin'],['No'],,['Dual Slot'],"['400W or greater power supply. PCI Express, PCI Express 2.0 or PCI Express 3.0 compliant motherboard with one graphics slot.']",['120W'],['Yes'],0 reviews
,,,,,,,,"['September 16, 2019']",,,,,,,,,,,,,,,,,,,,,,,,,,,,,,,,0 reviews
['1771 MHz'],['ZOTAC'],['1280'],"['8.27"" x 4.80""']",['NVIDIA'],['Double Fans'],['1556 MHz'],['1 x Dual-link DVI-D'],"['March 18, 2019']",['DirectX 12'],['3 x DisplayPort 1.4'],['Yes'],,['8 GHz'],['Dual 90mm IceStorm  FREEZE Tech  Simultaneous Multi-Projection  VR Ready  NVIDIA Ansel  NVIDIA GPU BOOST 3.0  NVIDIA G-Sync  NVIDIA GameStream'],,['GeForce GTX 1060'],['NVIDIA GeForce GTX 10 Series'],['Yes'],['1 x HDMI 2.0b'],['PCI Express 3.0'],['210 mm'],['7680 x 4320'],['192-Bit'],['6GB'],['GDDR5'],['ZT-P10600B-10M'],['4'],['OpenGL 4.5'],['Microsoft Windows 10/8/7 x86/x64'],['ZT-P10600B-10M'],['ZOTAC GeForce GTX 1060 AMP Edition Dual 4-pin to 6-pin cable User Manual'],,['6-Pin'],['No'],,['Dual Slot'],['Recommended Power Supply: 400W Power Consumption: 120W'],['120W'],['Yes'],0 reviews
['1860 MHz'],['EVGA'],,"['10.50"" x 4.38""']",['NVIDIA'],['ACX 3.0'],['1632 MHz'],['1 x DVI-D'],"['May 12, 2020']",['DirectX 12'],['3 x DisplayPort'],['Yes'],,['8008 MHz'],"['LED Logo: Yes (White)NVIDIA GameStream TechnologyNVIDIA G-SYNC ReadyOpenGL 4.5 SupportSimultaneous Multi-ProjectionVR ReadyNVIDIA AnselNVIDIA GPU Boost 3.0Microsoft DirectX 12Vulkan APIPCI Express 3.0Max Digital Resolution - 7680 x 4320HDMI 2.0b, DisplayPort 1.4 and Dual-Link DVIBuilt for EVGA Precision XOCEVGA ACX 3.0 Cooling']",,['GeForce GTX 1060'],['NVIDIA GeForce GTX 10 Series'],,['1 x HDMI'],['PCI Express 3.0 x16'],,['7680 x 4320'],['192-Bit'],['3GB'],['GDDR5'],['03G-P4-6367-KR'],['4'],['OpenGL 4.5'],['Windows 10 32/64bitWindows 8 32/64bitWindows 7 32/64bit'],,,['1152'],['8-Pin'],,,['Dual Slot'],['Minimum of a 400 Watt power supply.One available 8-pin PCI-E power dongleTotal Power Draw: 150 Watts'],['120W'],['Yes'],0 reviews
,,,,,,,,"['September 12, 2019']",,,,,,,,,,,,,,,,,,,,,,,,,,,,,,,,0 reviews
,,,,,,,,"['September 22, 2020']",,,,,,,,['GeForce GTX 1060'],,,,,,,,['3GB'],['GDDR5'],,,,,,,,,,,,,['120W'],,0 reviews
,,,,,,,,"['June 13, 2019']",,,,,,,,,,,,,,,,,,,,,,,,,,,,,,,,0 reviews
,,,,,,,,"['June 18, 2019']",,,,,,,,,,,,,,,,,,,,,,,,,,,,,,,,0 reviews
,['PNY'],,,['NVIDIA'],,,,"['February 06, 2020']",,,,,,,,,,,,,,,,['6GB'],,['VCGGTX10606PB'],,,,,,,,,['PNY GeForce GTX 1060 6GB'],,,,,0 reviews
,,,,,,,,"['August 15, 2019']",,,,,,,,,,,,,,,,,,,,,,,,,,,,,,,,0 reviews
['1759 MHz'],['MSI'],['1280'],"['9.72"" x 4.53""']",['NVIDIA'],['Double Fans'],['1544 MHz'],['1 x DL-DVI-D'],"['June 13, 2019']",['DirectX 12'],['1 x DisplayPort'],['Yes'],,['8000 MHz'],,['ATX'],['GeForce GTX 1060'],['NVIDIA GeForce GTX 10 Series'],['Yes'],['1 x HDMI'],['PCI Express 3.0 x16'],,,['192-Bit'],['6GB'],['GDDR5'],['GTX 1060 6GT OC'],['2'],['OpenGL 4.5'],,['1060 GTX 1060 6GT OC'],['Accessories: Driver CD Installation Guide'],,['6-Pin'],,,['Dual Slot'],['Power Consumption: 120W    Recommended PSU: 400W'],['120W'],['Yes'],0 reviews
['N/A'],['EVGA'],['1152'],"['10.50"" x 4.38""']",['NVIDIA'],['Double Fans'],['1632 MHz'],['1 x Dual-Link DVI-D'],"['January 04, 2019']",['DirectX 12'],['3 x DisplayPort 1.4'],['Yes'],['None'],['8008 MHz'],,,['GeForce GTX 1060 FTW+ Gaming'],['NVIDIA GeForce GTX 10 Series'],,['1 x HDMI 2.0b'],['PCI Express 3.0'],['267 mm'],['7680 x 4320'],['192-Bit'],['3GB'],['GDDR5'],['03G-P4-6367-KR'],['4'],['OpenGL 4.5'],"['Windows 10 32/64bit, Windows 8 32/64bit, Windows 7 32/64bit']",['GTX 1060 FTW+ ACX 3.0'],,,['8-Pin'],['No'],,['Dual Slot'],"['400W or greater power supply. PCI Express, PCI Express 2.0 or PCI Express 3.0 compliant motherboard with one graphics slot.']",,['Yes'],0 reviews
['1835 MHz'],,['1152'],,['NVIDIA'],['Single Fan'],['1607 MHz'],,"['January 11, 2019']",['DirectX 12'],['3 x DisplayPort 1.4'],,,,,,,,,['1 x HDMI 2.0b'],['PCI Express 3.0 x16'],,['7680 x 4320'],['192-Bit'],['3GB'],['GDDR5'],,['4'],['OpenGL 4.6'],,,,,,,,,,,,291 (90% Positive)
['1708 MHz'],['ASUS'],['1280'],,['NVIDIA'],,['1506 MHz'],['DVI-D (dual link)'],"['August 15, 2019']",,['2 x DisplayPort'],,,,,,['GeForce GTX 1060'],['NVIDIA GeForce GTX 10 Series'],,['2 x HDMI 2.0'],['PCI Express 3.0 x16'],,['7680 x 4320'],['192-Bit'],['6GB'],['GDDR5'],['90YV09R0-M0NA00'],,['OpenGL 4.5'],,,,,,,,,,['120W'],,0 reviews
['N/A'],['EVGA'],['1152'],"['6.80"" x 4.38""']",['NVIDIA'],['Single Fan'],['1607 MHz'],['1 x Dual-Link DVI-D'],"['September 16, 2019']",['DirectX 12'],['3 x DisplayPort 1.4'],['Yes'],,['8008 MHz'],,,['GeForce GTX 1060 SC Gaming'],['NVIDIA GeForce GTX 10 Series'],['Yes'],['1 x HDMI 2.0b'],['PCI Express 3.0'],['173 mm'],['7680 x 4320'],['192-Bit'],['3GB'],['GDDR5'],['03G-P4-6162-KR'],['4'],['OpenGL 4.6'],"['Windows 10 32/64bit, Windows 8 32/64bit, Windows 7 32/64bit']",['GTX 1060 SC ACX 2.0 Single'],,,['6-Pin'],['No'],,['Dual Slot'],['Minimum of a 400 Watts power supply An available 6-pin PCI-E power connector Total Power Draw: 120 Watts'],,['Yes'],0 reviews
['N/A'],,['1152'],,['NVIDIA'],['Double Fans'],['1506Mhz'],['1 x DVI'],"['March 11, 2019']",['DirectX 12'],['1 x DisplayPort'],,,,,,,,,['1 x HDMI'],['PCI Express 3.0'],,,['192-Bit'],['6GB'],['DDR5'],,,,,,,,,,,,,,,0 reviews
['N/A'],['EVGA'],['1280'],"['10.50"" x 4.38""']",['NVIDIA'],['Double Fans'],['1607 MHz'],['1 x Dual-Link DVI-D'],"['June 17, 2019']",['DirectX 12'],['3 x DisplayPort 1.4'],['Yes'],,['8008 MHz'],,,['GeForce GTX 1060'],['NVIDIA GeForce GTX 10 Series'],,['1 x HDMI 2.0b'],['PCI Express 3.0'],['267 mm'],['7680 x 4320'],['192-Bit'],['6GB'],['GDDR5'],['06G-P4-6267-KR'],['4'],['OpenGL 4.5'],"['Windows 10 32/64bit, Windows 8 32/64bit, Windows 7 32/64bit']",['GTX 1060 SSC ACX 3.0'],,,['8-Pin'],,,['Dual Slot'],"['400W or greater power supply. PCI Express, PCI Express 2.0 or PCI Express 3.0 compliant motherboard with one graphics slot.']",['120W'],['Yes'],0 reviews
['N/A'],['EVGA'],['1152'],"['10.50"" x 4.38""']",['NVIDIA'],['With Fan'],['1506 MHz'],['1 x Dual-Link DVI-D'],"['May 12, 2020']",['DirectX 12'],['3 x DisplayPort 1.4'],['Yes'],,['8008 MHz'],"[""Built on Pascal - The EVGA GeForce GTX 1060 3GB FTW+ DT features the most advanced GPU architecture ever made, designed to be the engine of next generation gaming.  Quiet Cooling - The ACX 3.0 cooler is designed to bring down the temps and keep noise in check all while lowering power consumption unlocking more power for the GPU.   VR Ready - The door to virtual reality gaming is now open. Along with it, support for all the latest technologies: NVIDIA Ansel, NVIDIA SMP, GPU Boost 3.0, DirectX 12 and Vulcan API.  Support that Never Rests - EVGA's Free 24/7 US-based technical support is there for you when you need it.""]",,['GeForce GTX 1060'],['NVIDIA GeForce GTX 10 Series'],,['1 x HDMI 2.0b'],['PCI Express 3.0'],,['7680 x 4320'],['192-Bit'],['3GB'],['GDDR5'],['03G-P4-6365-KR'],['4'],['OpenGL 4.5'],"['Windows 10 32/64bit, Windows 8 32/64bit, Windows 7 32/64bit']",['GTX 1060 FTW+ DT ACX 3.0'],,,['8-Pin'],,,['Dual Slot'],"['400W or greater power supply. PCI Express, PCI Express 2.0 or PCI Express 3.0 compliant motherboard with one graphics slot.']",['120W'],['Yes'],0 reviews
['OC Mode: 1809 MHzGaming Mode (Default): 1785 MHz'],['ASUS'],['1280'],"['9.45"" x 5.16""']",['NVIDIA'],['Double Fans'],['OC Mode: 1594 MHzGaming Mode (Default): 1569 MHz'],['1 x DVI-D'],"['October 07, 2020']",,['2 x DisplayPort 1.4'],,,['8008 MHz'],"['1809 MHz Boost Clock in OC mode for brilliant eSports gaming.Dual-Ball Bearing Fan runs smoother by reducing friction, further improving 2X longer card lifespan and cooling efficiency.Industry Only Auto-Extreme Technology with Super Alloy Power II delivers premium quality and best reliability.144-Hour Test Passed and Top Games Tested for best compatibility.GPU Tweak II with Xsplit Gamecaster provides intuitive performance tweaking and instant gameplay streaming.NVIDIA ANSEL for a revolutionary new way to capture in-game screenshots.NVIDIA GameWorks provides an interactive and cinematic experience, as well as incredibly smooth gameplay.']",,['GeForce GTX 1060'],['NVIDIA GeForce GTX 10 Series'],['2.2'],['2 x HDMI 2.0b'],['PCI Express 3.0'],['240 mm'],['7680 x 4320'],['192-Bit'],['6GB'],['GDDR5'],['EX-GTX1060-O6G'],['4'],['OpenGL 4.5'],,,['Accessories:1 x CD1 x Quick Guide'],,['6-Pin'],['No'],['Expedition'],['Dual Slot'],['Recommended PSU: 500W'],['120W'],['Yes'],0 reviews
['1835 MHz'],['EVGA'],['1280'],"['10.50"" x 4.38""']",['NVIDIA'],['Double Fans'],['1607 MHz'],['1 x Dual-Link DVI-D'],"['May 21, 2020']",['DirectX 12'],['3 x DisplayPort 1.4'],['Yes'],,['8008 MHz'],"['NVIDIA GameStream TechnologyNVIDIA G-SYNC ReadyOpenGL 4.5 SupportSimultaneous Multi-ProjectionVR ReadyNVIDIA AnselNVIDIA GPU Boost 3.0Microsoft DirectX 12Vulkan APIPCI Express 3.0Max Digital Resolution - 7680 x 4320HDMI 2.0b, DisplayPort 1.4 and Dual-Link DVIBuilt for EVGA Precision XOCEVGA ACX 3.0 Cooling']",,['GeForce GTX 1060'],['NVIDIA GeForce GTX 10 Series'],,['1 x HDMI 2.0b'],['PCI Express 3.0'],['267 mm'],['7680 x 4320'],['192-Bit'],['6GB'],['GDDR5'],['06G-P4-6267-RX'],['4'],['OpenGL 4.5'],"['Windows 10 32/64bit, Windows 8 32/64bit, Windows 7 32/64bit']",,,,['8-Pin'],,,['Dual Slot'],"['400W or greater power supply.PCI Express, PCI Express 2.0 or PCI Express 3.0 compliant motherboard with one graphics slot.']",['120W'],['Yes'],(11)
['1708 MHz'],['ZOTAC'],['1280'],"['6.85"" x 4.38""']",['NVIDIA'],['Single Fan'],['1506 MHz'],['DL-DVI-D'],"['August 07, 2019']",['DirectX 12'],['3 x DisplayPort 1.4'],['Yes'],,['8 GHz'],,,['GeForce GTX 1060'],['NVIDIA GeForce GTX 10 Series'],['Yes'],['1 x HDMI 2.0b'],['PCI Express 3.0'],['174 mm'],,['192-Bit'],['6GB'],['GDDR5'],['ZT-P10600A-10L'],['4'],['OpenGL 4.5'],['Windows 10 / 8 / 7'],,,,['6-Pin'],,,['Dual Slot'],['Recommended Power Supply: 400W'],['120W'],,(8)
,['MSI'],,,,,,,"['January 31, 2020']",,,,,,,,,,,,,,,,,,['GeForce GTX 1060 3GT'],,,,,,,,,,,,,,0 reviews
,['ASUS'],,,,,,,"['September 03, 2020']",,,,,,,,,,,,,,,,['3GB'],,['DUALGTX1060O3G'],,,,,,,,,,,,,,0 reviews
['1708 MHz'],['EVGA'],['1280'],"['10.50"" x 4.38""']",['NVIDIA'],['Double Fans'],['1506 MHz'],['1 x DVI'],"['September 16, 2019']",['DirectX 12'],['3 x DisplayPort 1.4'],['Yes'],,['8008 MHz'],,,['GeForce GTX 1060'],['NVIDIA GeForce GTX 10 Series'],,['1 x HDMI 2.0b'],['PCI Express 3.0'],['267 mm'],['7680 x 4320'],['192-Bit'],['6GB'],['GDDR5'],['06G-P4-6265-KR'],['4'],['OpenGL 4.6'],['Windows 10 32/64-bit Windows 8 32/64-bit Windows 7 32/64-bit'],['GTX 1060 SSC DT ACX 3.0'],,,['8-Pin'],,,['Dual Slot'],['Minimum of a 400-Watt power supply. One available 8-pin PCI-E power connector. Total Power Draw: 120 Watts'],['120W'],['Yes'],0 reviews
['1797 MHz'],['PNY'],['1280'],"['9.17"" x 5.51""']",['NVIDIA'],['Double Fans'],['1582 MHz'],['1 x DL-DVI-D'],"['June 26, 2020']",['DirectX 12'],['3 x DisplayPort 1.4'],['Yes'],,['8 GBPS'],['Factory OverclockedPNY Silent XLR8 Twin CoolerSimultaneous Multi-ProjectionNVIDIA Ansel SupportNVIDIA G-SYNCNVIDIA GameStreamNVIDIA GPU Boost 3.0Vulkan API SupportMax Digital Resolution - 7680 x 4320 @ 60 Hz** 7680 x 4320 @ 60 Hz RGB 8-bit with dual DisplayPort connectors or 7680 x 4320 @ 60 Hz YUV420 8-bit with DisplayPort 1.3 connector.'],,['GeForce GTX 1060'],['NVIDIA GeForce GTX 10 Series'],,['1 x HDMI 2.0b'],['PCI Express 3.0 x16'],['233 mm'],['7680 x 4320 @ 60 HZ (Digital)'],['192-Bit'],['6GB'],['GDDR5'],['RKMX1060N3H6ES2KTM'],['Yes'],['OpenGL 4.5'],,,,,,['No'],,['Dual Slot'],"['TDP: 120WPCI Express-compliant motherboard with one double-width x16 graphics slotOne 6-pin PCI Express supplementary power connectorMinimum 400W or greater system power supply*300MB of available hard-disk space2GB system memory (4GB or higher recommended)Microsoft Windows 10, Windows 8, Windows 7, Linux, FreeBSDx86Internet connection*** Recommendation is made based on PC configured with an Intel Core i7 3.2 GHz processor. Pre-built system may require less power depending on system configuration.** Graphics Card driver is not included in the box; GeForce Experience will download the latest GeForce driver from the Internet after install.']",['120W'],['Yes'],0 reviews
,['PNY'],,,['NVIDIA'],['Double Fans'],,,"['June 26, 2020']",,,,,,,,['GeForce GTX 1060'],['NVIDIA GeForce GTX 10 Series'],,,,,,,['6GB'],,,,,,,,,,,,,,['120W'],,0 reviews
,,,,,,,,"['June 23, 2020']",,,,,,,,,,,,,,,,,,,,,,,,,,,,,,,,0 reviews
,['EVGA'],,,,['Single Fan'],,,"['September 21, 2020']",,,,,,,,,,,,,,,,['3GB'],,,,,,,,,,,,,,,,0 reviews
,,,,,,,,"['December 04, 2018']",,,,,,,,,['NVIDIA GeForce GTX 10 Series'],,,,,,,,,,,,,,,,,,,,,,,0 reviews
,['EVGA'],,,,,,,"['December 06, 2019']",,,,,,,,,,,,,,,,,,,,,,,,,,,,,,,,0 reviews
,['Manli'],,,,,,,"['September 03, 2020']",,,,,,,,,,,,,,,,['6GB'],,['MNGTX1060G5REHDPPP'],,,,,,,,,,,,,,0 reviews
,['PNY'],,,,,,,"['February 06, 2020']",,,,,,,,,,,,,,,,,,,,,,,,,,,,,,,,0 reviews
,['EVGA'],,,,,,,"['September 03, 2020']",,,,,,,,,,,,,,,,['6GB'],,['06GP46161KR'],,,,,,,,,,,,,,0 reviews
,,,,,,,,"['August 04, 2020']",,,,,,,,,,,,,,,,,,,,,,,,,,,,,,,,0 reviews
