brand,model,product_name,price,rating,shipping,url,3D VISION Game Ready ,Boost Clock ,Brand ,CUDA Cores ,Card Dimensions (L x H) ,Chipset Manufacturer ,Cooler ,Core Clock ,DVI ,Date First Available ,DirectX ,DisplayPort ,Dual-Link DVI Supported ,Edition ,Effective Memory Clock ,Features ,Form Factor ,GPU ,GPU Series ,HDCP Ready ,HDMI ,Interface ,Max GPU Length ,Max Resolution ,Memory Interface ,Memory Size ,Memory Type ,Model ,Multi-Monitor Support ,OpenGL ,Operating Systems Supported ,Option ,Other Ports ,Package Contents ,Power Connector ,SLI Support ,Series ,Slot Width ,System Requirements ,Thermal Design Power ,Virtual Reality Ready ,review_numbers,Length (mm),Height (mm)
ASUS,RTX 2070,ASUS Dual GeForce RTX 2070 DirectX 12 DUAL-RTX2070-O8G-MINI 8GB 256-Bit GDDR6 PCI Express 3.0 HDCP Ready Video Card,$699.99 –,5.0,20.0,https://www.newegg.com/asus-geforce-rtx-2070-dual-rtx2070-o8g-mini/p/N82E16814126365?Description=rtx,NONE,OC Mode: 1680 MHzGaming Mode (Default): 1650 MHz,ASUS,2304,"7.80"" x 4.80""",NVIDIA,Double Fans,1410 MHz,1 x DL-DVI-D,7-Oct-20,DirectX 12,1 x DisplayPort 1.4,Yes,NONE,14000 MHz,"OC Edition: Boost Clock 1680 MHz (OC Mode) / 1650 MHz (Gaming Mode).NVIDIA TURING: ROG GeForce RTX graphics cards are powered by the Turing GPU architecture and the all-new RTX platform. This gives you up to 6X the performance of previous-generation graphics cards and brings the power of real-time ray tracing and AI to games.DirectX 12: Power new visual effects and rendering techniques for more lifelike gaming.NVIDIA Shadowplay Record and share high-quality gameplay videos, screenshots, and livestreams with your friends.Coolest dual-fan GPU built for the Intel NUC 9 Extreme Kit and Intel NUC 9 Pro Kit.*A 2-slot Design maximizes compatibility and cooling efficiency for superior performance in small chassis.Axial-tech fan design features a smaller fan hub that facilitates longer blades and a barrier ring that increases downward air pressure.0dB Technology lets you enjoy light gaming in relative silence.Auto-Extreme Technology uses automation to enhance reliability.* Based on market survey and internal testing prior to January 2020.",NONE,GeForce RTX 2070,NVIDIA GeForce RTX 20 Series,2.2,1 x HDMI 2.0b,PCI Express 3.0,197 mm,7680 x 4320,256-Bit,8GB,GDDR6,DUAL-RTX2070-O8G-MINI,NONE,OpenGL 4.6,NONE,NONE,NONE,Accessories:1 x Speedsetup manual,8-Pin,No,Dual,Dual Slot,Recommended PSU: 550W,225W,Yes,0 reviews,198.12,121.92
ASUS,RTX 2070,ASUS Dual GeForce RTX 2070 DirectX 12 DUAL-RTX2070-O8G-EVO-V2 8GB 256-Bit GDDR6 PCI Express 3.0 HDCP Ready Video Card,$684.97 (3 Offers)–,4.0,,https://www.newegg.com/asus-geforce-rtx-2070-dual-rtx2070-o8g-evo-v2/p/N82E16814126424?Description=rtx,NONE,OC Mode: 1740 MHzGaming Mode (Default): 1710 MHz,ASUS,2304,"9.50"" x 5.10""",NVIDIA,Double Fans,1410 MHz,1 x DL-DVI-D,27-Oct-20,DirectX 12,1 x DisplayPort 1.4,Yes,NONE,14000 MHz,"OC Edition: Boost Clock 1740 MHz (OC Mode) / 1710 MHz (Gaming Mode).NVIDIA TURING: ASUS GeForce RTX graphics cards are powered by the Turing GPU architecture and the all-new RTX platform. This gives you up to 6X the performance of previous-generation graphics cards and brings the power of real-time ray tracing and AI to games.DirectX 12: Power new visual effects and rendering techniques for more lifelike gaming.NVIDIA Shadowplay Record and share high-quality gameplay videos, screenshots, and livestreams with your friends.Axial-tech fan design features a smaller fan hub that facilitates longer blades and a barrier ring that increases downward air pressure.0dB Technology lets you enjoy light gaming in relative silence.DirectCU II brings copper heatpipes into direct contact with the die for better cooling.Auto-Extreme Technology uses automation to enhance reliability.A Protective backplate secures components during transportation and installation.144-hour Validation Program puts cards through a series of stringent tests to ensure compatibility with the latest games.",NONE,GeForce RTX 2070,NVIDIA GeForce RTX 20 Series,2.2,2 x HDMI 2.0b,PCI Express 3.0,242 mm,7680 x 4320,256-Bit,8GB,GDDR6,DUAL-RTX2070-O8G-EVO-V2,4,OpenGL 4.6,NONE,NONE,NONE,Accessories:1 x Speedsetup manual,8-Pin,No,Dual,2.5 slots,Recommended PSU: 550W,225W,NONE,883 (79% Positive),241.3,129.54
GIGABYTE,RTX 2070,"GIGABYTE AORUS GeForce RTX 2070 Super 8G Graphics Card, WINDFORCE Stack, 8GB 256-Bit GDDR6, GV-N207SAORUS-8GC Video Card",$729.99 (4 Offers)–,3.0,75.0,https://www.newegg.com/gigabyte-geforce-rtx-2070-super-gv-n207saorus-8gc/p/N82E16814932170?Description=rtx,NONE,NONE,GIGABYTE,2560,"11.42"" x 5.29""",NVIDIA,WINDFORCE STACK,1905 MHz,NONE,28-Oct-20,DirectX 12,3 x DisplayPort 1.4,NONE,NONE,14000 MHz,Powered by GeForce RTX 2070 SUPERIntegrated with 8GB GDDR6 256-bit memory interfaceWINDFORCE Stack 3 X 100mm Fan Cooling SystemRGB light reinvented7 Video OutputsMetal Back PlateBuilt for Extreme Overclocking 12+2 Power Phases,ATX,GeForce RTX 2070 SUPER,NONE,NONE,3 x HDMI 2.0b,PCI Express 3.0 x16,290 mm,7680 x 4320 @ 60 Hz,256-Bit,8GB,GDDR6,GV-N207SAORUS-8GC,4,OpenGL 4.5,NONE,NONE,1 x USB Type-C (support VirtualLink),Accessories:AORUS metal stickerQuick guideI/O guideDriver CD,2 x 8-Pin,2-way NVIDIA NVLINK,AORUS,Triple Slot,System PSU Limitation: 650W,215W,Yes,883 (79% Positive),290.068,134.366
ASUS,RTX 2070,ASUS GeForce RTX 2070 Super Overclocked 8G EVO GDDR6 Dual-Fan Edition  HDMI DisplayPort Gaming Graphics Card (DUAL-RTX2070S-O8G-EVO),$689.99 (3 Offers)–,4.0,75.0,https://www.newegg.com/asus-geforce-rtx-2070-super-dual-rtx2070s-o8g-evo/p/N82E16814126332?Description=rtx,NONE,OC mode: 1845 MHzGaming mode: 1815 MHz,ASUS,2560,"10.51"" x 4.65""",NVIDIA,Double Fans,OC mode: 1635 MHzGaming mode: 1605 MHz,NONE,28-Oct-20,DirectX 12,3 x DisplayPort 1.4,NONE,NONE,14000 MHz,"RT Cores: Dedicated ray tracing hardware enables fast real-time ray tracing of objects and environments with physically accurate shadows, reflections, refractions, and global illumination.Concurrent Floating Point and Integer Processing: Turing GPUs more efficiently process the compute heavy workloads of modern games.Ultra-fast GDDR6: Experience up to 496 GB/s of memory bandwidth for high-speed, high-resolution gaming.Axial-tech fan design features a smaller fan hub that facilitates longer blades and a barrier ring that increases downward air pressure.0dB Technology lets you enjoy light gaming in relative silence.2.7-slot Design expands cooling surface area to make the most of the two powerful Axial-tech fans.Auto-Extreme Technology uses automation to enhance reliability.A Protective backplate secures components during transportation and installation.GPU Tweak II provides intuitive performance tweaking, thermal controls, and system monitoring.144-hour Validation Program puts cards through a series of stringent tests to ensure compatibility with the latest games.",NONE,GeForce RTX 2070 SUPER,NONE,2.2,1 x HDMI 2.0b,PCI Express 3.0,267 mm,7680 x 4320,256-Bit,8GB,GDDR6,DUAL-RTX2070S-O8G-EVO,4,OpenGL 4.6,NONE,DUAL-RTX2070S-O8G-EVO,NONE,Accessories:1 x Quick Guide,"1 x 6-pin, 1 x 8-pin",SLI Ready,Dual,2.7 slot,Recommended PSU: 650W,235W,Yes,883 (79% Positive),266.954,118.11
MSI,RTX 2070,MSI GeForce RTX 2070 SUPER DirectX 12 RTX 2070 Super GAMING X 8GB 256-Bit GDDR6 PCI Express 3.0 x16 HDCP Ready SLI Support Video Card,$794.49 (5 Offers)–,5.0,,https://www.newegg.com/msi-geforce-rtx-2070-super-rtx-2070-super-gaming-x/p/N82E16814137445?Description=rtx,NONE,1800 MHz,MSI,2560,"11.69"" x 5.63""",NVIDIA,Double Fans,NONE,NONE,27-Oct-20,DirectX 12,3 x DisplayPort 1.4,NONE,NONE,14 Gbps,"Twin Frozr 7 Thermal DesignTORX Fan 3.0 with Double Ball Bearings- Dispersion fan blade: Steep curved blade accelerating the airflow.- Traditional fan blade: Provides steady airflow to massive heat sink below.Mastery of Aerodynamics: The heatsink is optimized for efficient heat dissipation, keeping your temperatures low and performance high.Zero Frozr technology: Stopping the fan in low-load situations, keeping a noise-free environment.RGB Mystic LightCustomize colors and LED effects with exclusive MSI software and synchronize the look & feel with other components.Dragon CenterA consolidated platform that offers all software including MYSTIC LIGHT functionality for your MSI Gaming product.",NONE,GeForce RTX 2070 SUPER,NONE,2.2,1 x HDMI 2.0b,PCI Express 3.0 x16,297 mm,7680 x 4320,256-Bit,8GB,GDDR6,RTX 2070 Super GAMING X,4,OpenGL 4.5,NONE,NONE,NONE,NONE,"1 x 6-Pin, 1 x 8-Pin","NVIDIA NVLink (SLI-Ready), 2-way",NONE,NONE,Pwr Supply: 650W,215W,Yes,247 (72% Positive),296.926,143.002
ASUS,RTX 2070,ASUS Dual GeForce RTX 2070 DirectX 12 DUAL-RTX2070-O8G 8GB 256-Bit GDDR6 PCI Express 3.0 HDCP Ready Video Card,$579.99 –,2.0,45.0,https://www.newegg.com/asus-geforce-rtx-2070-dual-rtx2070-o8g/p/N82E16814126274?Description=rtx,NONE,OC Mode: 1740 MHz Gaming Mode (Default): 1710 MHz,ASUS,2304,"10.53"" x 4.47""",NVIDIA,Double Fans,1410 MHz,NONE,28-Aug-20,DirectX 12,3 x DisplayPort 1.4,NONE,NONE,14000 MHz,"NVIDIA TURING: ASUS GeForce RTX graphics cards are powered by the Turing TM GPU architecture and the all-new RTX platform. This gives you up to 6X the performance of previous-generation graphics cards and brings the power of real-time ray tracing and AI to games.DirectX 12: Power new visual effects and rendering techniques for more lifelike gaming.NVIDIA Shadowplay Record and share high-quality gameplay videos, screenshots, and livestreams with your friends.Unique Wing-blade Fans deliver high air pressure, reduced noise levels, IP5X certified dust resistance, and 0dB mode for silent gaming.2.7-Slot Design to expand cooling surface area by more than 50% compared to last gen.Reinforced by a Protective Backplate that prevents PCB flex and trace damage.144-Hour Validation Program puts cards through a series of stringent tests to ensure reliability.GPU Tweak II provides intuitive performance tweaking and thermal controls.",NONE,GeForce RTX 2070,NVIDIA GeForce RTX 20 Series,2.2,1 x HDMI 2.0b,PCI Express 3.0,268 mm,7680 x 4320,256-Bit,8GB,GDDR6,DUAL-RTX2070-O8G,4,OpenGL 4.5,NONE,NONE,1 x USB Type-C,Accessories:1 x CD1 x Quick Guide,"1 x 6-Pin, 1 x 8-Pin",No,Dual,2.7-slot,Recommended PSU: 550W,185W,Yes,0 reviews,267.462,113.538
GIGABYTE,RTX 2070,"GIGABYTE GeForce RTX 2070 Super GAMING OC 3X 8G Graphics Card, 3 x WINDFORCE Fans, 8GB 256-Bit GDDR6, GV-N207SGAMING OC-8GD Video Card",$864.81 (3 Offers)–,4.0,,https://www.newegg.com/gigabyte-geforce-rtx-2070-super-gv-n207sgaming-oc-8gd/p/N82E16814932212?Description=rtx,NONE,NONE,GIGABYTE,2560,"11.28"" x 4.51""",NVIDIA,WINDFORCE 3X,1815 MHz,NONE,28-Oct-20,DirectX 12,3 x DisplayPort 1.4,NONE,NONE,14000 MHz,Powered by GeForce RTX 2070 SUPERIntegrated with 8GB GDDR6 256-bit memory interfaceWINDFORCE 3X Cooling System with alternate spinning fansRGB Fusion 2.0 - synchronize with other AORUS devicesProtection Metal Back Plate,ATX,GeForce RTX 2070 SUPER,NONE,NONE,1 x HDMI 2.0b,PCI Express 3.0 x16,287 mm,7680 x 4320 @ 60 Hz,256-Bit,8GB,GDDR6,GV-N207SGAMING OC-8GD,4,OpenGL 4.6,NONE,NONE,NONE,Accessories:Quick guideDriver CD,"1 x 8-Pin, 1 x 6-Pin",2-way NVIDIA NVLINK,NONE,2.5 slot,System PSU Limitation: 650W,235W,Yes,192 (88% Positive),286.512,114.554
ASUS,RTX 2070,ASUS Turbo GeForce RTX 2070 SUPER TURBO-RTX2070S-8G-EVO 8GB 256-Bit GDDR6 PCI Express 3.0 HDCP Ready SLI Support Video Card,$824.97 (3 Offers)–,5.0,,https://www.newegg.com/asus-geforce-rtx-2070-super-turbo-rtx2070s-8g-evo/p/N82E16814126342?Description=rtx,NONE,NONE,ASUS,2560,"10.55"" x 4.45""",NVIDIA,Single Fan,NONE,NONE,27-Oct-20,NONE,3 x DisplayPort 1.4,NONE,NONE,NONE,"RT Cores: Dedicated ray tracing hardware enables fast real-time ray tracing of objects and environments with physically accurate shadows, reflections, refractions, and global illumination.Concurrent Floating Point and Integer Processing: Turing GPUs more efficiently process the compute heavy workloads of modern games.Ultra-fast GDDR6: Experience up to 496 GB/s of memory bandwidth for high-speed, high-resolution gaming.A redesigned shroud incorporates a raised edge to preserve air intake in cramped environments.Dual ball fan bearings can last up to twice as long as sleeve bearing designs.Auto-Extreme Technology uses automation to enhance reliability.GPU Tweak II provides intuitive performance tweaking, thermal controls, and system monitoring.144-hour Validation Program puts cards through a series of stringent tests to ensure compatibility with the latest games.",NONE,GeForce RTX 2070 SUPER,NONE,2.2,1 x HDMI 2.0b,PCI Express 3.0,268 mm,7680 x 4320,256-Bit,8GB,GDDR6,TURBO-RTX2070S-8G-EVO,4,OpenGL 4.5,NONE,NONE,NONE,Accessories:1 x Quick Guide,"1 x 6-pin, 1 x 8-pin",SLI Ready,Turbo,Dual Slot,Recommended PSU: 650W,235W,Yes,883 (79% Positive),267.97,113.03
MSI,RTX 2070,MSI GeForce RTX 2070 SUPER DirectX 12 RTX 2070 Super Armor OC 8GB 256-Bit GDDR6 PCI Express 3.0 x16 HDCP Ready SLI Support Video Card,$879.49 (3 Offers)–,5.0,,https://www.newegg.com/msi-geforce-rtx-2070-super-rtx-2070-super-armor-oc/p/N82E16814137446?Description=rtx,NONE,1785 MHz,MSI,2560,"11.69"" x 5.63""",NVIDIA,Double Fans,NONE,NONE,27-Oct-20,DirectX 12,3 x DisplayPort 1.4,NONE,NONE,14 Gbps,"Armor Thermal DesignTORX Fan 2.0 with Double Ball Bearings- Dispersion fan blade: Steep curved blade accelerating the airflow.- Traditional fan blade: Provides steady airflow to massive heat sink below.Mastery of Aerodynamics: The heatsink is optimized for efficient heat dissipation, keeping your temperatures low and performance high.Zero Frozr technology: Stopping the fan in low-load situations, keeping a noise-free environment.RGB Mystic LightCustomize colors and LED effects with exclusive MSI software and synchronize the look & feel with other components.",NONE,GeForce RTX 2070 SUPER,NONE,2.2,1 x HDMI 2.0b,PCI Express 3.0 x16,297 mm,7680 x 4320,256-Bit,8GB,GDDR6,RTX 2070 Super Armor OC,4,OpenGL 4.5,NONE,NONE,NONE,NONE,"1 x 6-Pin, 1 x 8-Pin","NVIDIA NVLink (SLI-Ready), 2-way",NONE,NONE,Pwr Supply: 650W,215W,Yes,247 (72% Positive),296.926,143.002
GIGABYTE,RTX 2070,GIGABYTE GeForce RTX 2070 SUPER DirectX 12 GV-N207SGAMINGOC WHITE-8GD 8GB 256-Bit GDDR6 PCI Express 3.0 x16 SLI Support ATX Video Card,$724.99 (5 Offers)–,4.0,99.99,https://www.newegg.com/gigabyte-geforce-rtx-2070-super-gv-n207sgamingoc-white-8gd/p/N82E16814932219?Description=rtx,NONE,NONE,GIGABYTE,2560,"11.28"" x 4.51""",NVIDIA,WINDFORCE 3X,1815 MHz,NONE,9-Oct-20,DirectX 12,3 x DisplayPort 1.4,NONE,NONE,14000 MHz,Powered by GeForce RTX 2070 SUPERIntegrated with 8GB GDDR6 256-bit memory interfaceWINDFORCE 3X Cooling System with alternate spinning fansRGB Fusion 2.0 - synchronize with other AORUS devicesMetal Back Plate,ATX,GeForce RTX 2070 SUPER,NONE,NONE,1 x HDMI 2.0b,PCI Express 3.0 x16,287 mm,7680 x 4320 @ 60 Hz,256-Bit,8GB,GDDR6,GV-N207SGAMINGOC WHITE-8GD,4,OpenGL 4.6,NONE,NONE,NONE,Accessories:Quick guideDriver CD,1 x 6-Pin / 1 x 8-Pin,2-way NVIDIA NVLINK,NONE,2.5 slot,Recommended PSU: 650W,235W,Yes,36 (64% Positive),286.512,114.554
MSI,RTX 2070,MSI GeForce RTX 2070 SUPER DirectX 12 RTX 2070 SUPER VENTUS GP OC 8GB 256-Bit GDDR6 PCI Express 3.0 x16 HDCP Ready SLI Support Video Card,$844.99 (4 Offers)–,4.0,99.99,https://www.newegg.com/msi-geforce-rtx-2070-super-rtx-2070-super-ventus-gp-oc/p/N82E16814137528?Description=rtx,NONE,1785 MHz,MSI,2560,"10.16"" x 5.00""",NVIDIA,Double Fans,1605 MHz,NONE,28-Oct-20,DirectX 12,3 x DisplayPort 1.4,NONE,NONE,14 Gpbs,"TORX Fan 2.0Dispersion fan blade: Steep curved blade accelerating the airflow.Traditional fan blade: Provides steady airflow to massive heat sink below.Afterburner Overclocking UtilityOC Scanner: An automated function finds the highest stable overclock settings.Kombustor: The latest DirectX versions benchmark supporting.Predator: In-game video recording.NVIDIA G-SYNC and HDRGet smooth, tear-free gameplay at refresh rates up to 240 Hz, plus HDR, and more. This is the ultimate gaming display and the go-to equipment for enthusiast gamers.GeForce RTX VRBy combining advanced VR rendering, real-time ray tracing, and AI, GeForce RTX will take VR to a new level of realism.",NONE,GeForce RTX 2070 SUPER,NONE,2.2,1 x HDMI 2.0b,PCI Express 3.0 x16,258 mm,7680 x 4320,256-Bit,8GB,GDDR6,RTX 2070 SUPER VENTUS GP OC,4,OpenGL 4.5,NONE,NONE,NONE,NONE,1 x 8-pin and 1 x 6-pin,"NVIDIA NVLINK (SLI-Ready), 2-way",NONE,NONE,Recommended PSU: 650W,235W,Yes,16 (81% Positive),258.064,127.0
EVGA,RTX 2070,"EVGA GeForce RTX 2070 SUPER XC HYBRID GAMING, 08G-P4-3178-KR, 8GB GDDR6, WATERCOOLED",$949.99 –,4.0,,https://www.newegg.com/evga-geforce-rtx-2070-super-08g-p4-3178-kr/p/N82E16814487457?Description=rtx,NONE,1800 MHz,EVGA,2560,"10.46"" x 4.38""",NVIDIA,Hybrid Cooler,NONE,NONE,12-Jul-20,DirectX 12,3 x DisplayPort 1.4,NONE,NONE,14000 MHz,"NVIDIA AnselHybrid ""All-in-One"" WatercoolerReal-Time Ray TracingNVIDIA GeForce ExperienceNVIDIA HighlightsNVIDIA G-SYNC CompatibleGame Ready DriversMicrosoft DirectX 12 API, Vulkan API, OpenGL 4.5NVIDIA GPU BoostBuilt for EVGA Precision X1Designed for USB Type-C and VirtualLink",NONE,GeForce RTX 2070 SUPER,NONE,2.2,1 x HDMI 2.0b,PCI Express 3.0,266 mm,7680 x 4320,256-Bit,8GB,GDDR6,08G-P4-3178-KR,4,OpenGL 4.5,"Windows 10 64-bit, Windows 7 64-bit",NONE,1 x Type-C VirtualLink,NONE,6-Pin / 8-Pin,2-Way SLI,NONE,Dual Slot,"650W or greater power supply.PCI Express, PCI Express 2.0 or PCI Express 3.0 compliant motherboard with one graphics slot.",215W,Yes,-38,265.684,111.25200000000001
GIGABYTE,RTX 2070,GIGABYTE GeForce RTX 2070 DirectX 12 GV-N2070WF2-8GD 8GB 256-Bit GDDR6 PCI Express 3.0 x16 ATX Video Card,$794.98 (2 Offers)–,4.0,,https://www.newegg.com/gigabyte-geforce-rtx-2070-gv-n2070wf2-8gd/p/N82E16814932160?Description=rtx,NONE,NONE,GIGABYTE,2304,"10.43"" x 4.75""",NVIDIA,WINDFORCE 2X,1620 MHz,NONE,28-Oct-20,DirectX 12,3 x DisplayPort 1.4,NONE,NONE,14000 MHz,Powered by GeForce RTX 2070Integrated with 8GB GDDR6 256-bit memory interfaceWINDFORCE 2X Cooling System with alternate spinning fans100mm unique blade fansProtection Back Plate,ATX,GeForce RTX 2070,NVIDIA GeForce RTX 20 Series,NONE,1 x HDMI 2.0b,PCI Express 3.0 x16,265 mm,7680 x 4320 @ 60 Hz,256-Bit,8GB,GDDR6,GV-N2070WF2-8GD,4,OpenGL 4.5,NONE,NONE,NONE,Accessories:Quick guideDriver CD,8-Pin,No,NONE,Dual Slot,Recommended PSU: 550W,120W,Yes,247 (72% Positive),264.922,120.65
MSI,RTX 2070,MSI GeForce RTX 2070 DirectX 12 RTX 2070 ARMOR 8G 8GB 256-Bit GDDR6 PCI Express 3.0 x16 HDCP Ready Video Card,$999.99 (4 Offers)–,4.0,,https://www.newegg.com/msi-geforce-rtx-2070-rtx-2070-armor-8g/p/N82E16814137366?Description=rtx,NONE,1620 MHz,MSI,2304,"11.61"" x 5.51""",NVIDIA,Double Fans,1410 MHz,NONE,27-Oct-20,DirectX 12,3 x DisplayPort 1.4,NONE,NONE,14 Gbps,"Armor Thermal DesignTORX Fan 2.0 with Double Ball Bearings- Dispersion fan blade: Steep curved blade accelerating the airflow- Traditional fan blade: Provides steady airflow to massive heat sink belowMastery of Aerodynamics: The heatsink is optimized for efficient heat dissipation, keeping your temperatures low and performance highZero Frozr technology: Stopping the fan in low-load situations, keeping a noise-free environmentRGB Mystic LightCustomize colors and LED effects with exclusive MSI software and synchronize the look & feel with other components",NONE,GeForce RTX 2070,NVIDIA GeForce RTX 20 Series,2.2,1 x HDMI 2.0b,PCI Express 3.0 x16,295 mm,7680 x 4320,256-Bit,8GB,GDDR6,RTX 2070 ARMOR 8G,4,OpenGL 4.5,NONE,NONE,1 x USB Type-C,NONE,"1 x 8-pin, 1 x 6-pin",NONE,NONE,NONE,Recommended PSU: 550W,175W,Yes,247 (72% Positive),294.894,139.954
ASUS,RTX 2070,ASUS ROG Strix GeForce RTX 2070 DirectX 12 ROG-STRIX-RTX2070-O8G-GAMING 8GB 256-Bit GDDR6 PCI Express 3.0 HDCP Ready Video Card,$569.99 –,3.0,75.0,https://www.newegg.com/asus-geforce-rtx-2070-rog-strix-rtx2070-o8g-gaming/p/N82E16814126266?Description=rtx,NONE,OC Mode: 1845 MHzGaming Mode (Default): 1815 MHz,ASUS,2304,"11.83"" x 5.14""",NVIDIA,Triple Fans,1410 MHz,NONE,6-Jul-20,DirectX 12,2 x DisplayPort 1.4,NONE,NONE,14000 MHz,"""NVIDIA TURING: ROG GeForce RTX graphics cards are powered by the Turing GPU architecture and the all-new RTX platform. This gives you up to 6X the performance of previous-generation graphics cards and brings the power of real-time ray tracing and AI to games.DirectX 12: Power new visual effects and rendering techniques for more lifelike gaming.NVIDIA Shadowplay Record and share high-quality gameplay videos, screenshots, and livestreams with your friends.Unique Wing-blade Fans deliver high air pressure, reduced noise levels, IP5X certified dust resistance, and 0dB mode for silent gaming.MaxContact Technology allows 2X more contact with the GPU chip for improved thermal transfer.Auto-Extreme Technology uses automation to enhance reliability.Super Alloy Power II includes premium alloy chokes, solid polymer capacitors, and an array of high-current power stages to fuel Turings cores.ASUS FanConnect II equips 2 hybrid-controlled fan headers for optimal system cooling.GPU Tweak II provides intuitive performance tweaking and thermal controls.""",NONE,GeForce RTX 2070,NVIDIA GeForce RTX 20 Series,2.2,2 x HDMI 2.0b,PCI Express 3.0,300 mm,7680 x 4320,256-Bit,8GB,GDDR6,ROG-STRIX-RTX2070-O8G-GAMING,4,OpenGL 4.6,NONE,NONE,1 x USB Type-C,Accessories:1 x Quick Guide1 x CD1 x ROG Velcro Hook & Loop,"1 x 6-pin, 1 x 8-pin",No,ROG Strix,2.5-slot,Recommended PSU: 550W,185W,Yes,0 reviews,300.482,130.556
MSI,RTX 2070,MSI GeForce RTX 2070 SUPER DirectX 12 RTX 2070 Super GAMING X 8GB 256-Bit GDDR6 PCI Express 3.0 x16 HDCP Ready SLI Support Video Card,$684.99 –,,99.99,https://www.newegg.com/p/1FT-0009-004U1?Description=rtx,NONE,NONE,NONE,NONE,NONE,NONE,NONE,NONE,NONE,18-Oct-20,NONE,NONE,NONE,NONE,NONE,NONE,NONE,NONE,NONE,NONE,NONE,NONE,NONE,NONE,NONE,NONE,NONE,NONE,NONE,NONE,NONE,NONE,NONE,NONE,NONE,NONE,NONE,NONE,NONE,NONE,NONE,0 reviews,0.0,0.0
MSI,RTX 2070,MSI GeForce RTX 2070 DirectX 12 RTX 2070 ARMOR 8G OC 8GB 256-Bit GDDR6 PCI Express 3.0 x16 HDCP Ready Video Card,"$1,249.49 (2 Offers)–",4.0,,https://www.newegg.com/msi-geforce-rtx-2070-rtx-2070-armor-8g-oc/p/N82E16814137363?Description=rtx,NONE,1740 MHz,MSI,2304,"12.17"" x 6.10""",NVIDIA,Double Fans,1410 MHz,NONE,27-Oct-20,DirectX 12,3 x DisplayPort 1.4,NONE,NONE,14 Gbps,"Armor Thermal DesignTORX Fan 2.0 with Double Ball Bearings- Dispersion fan blade: Steep curved blade accelerating the airflow- Traditional fan blade: Provides steady airflow to massive heat sink belowMastery of Aerodynamics: The heatsink is optimized for efficient heat dissipation, keeping your temperatures low and performance highZero Frozr technology: Stopping the fan in low-load situations, keeping a noise-free environmentRGB Mystic LightCustomize colors and LED effects with exclusive MSI software and synchronize the look & feel with other components",NONE,GeForce RTX 2070,NVIDIA GeForce RTX 20 Series,2.2,1 x HDMI 2.0b,PCI Express 3.0 x16,309 mm,7680 x 4320,256-Bit,8GB,GDDR6,RTX 2070 ARMOR 8G OC,4,OpenGL 4.5,NONE,NONE,1 x USB Type-C,NONE,"1 x 8-pin, 1 x 6-pin",NONE,NONE,NONE,Recommended PSU: 550W,185W,Yes,247 (72% Positive),309.118,154.94
ASUS,RTX 2070,ASUS ROG Strix GeForce RTX 2070 DirectX 12 ROG-STRIX-RTX2070-8G-GAMING 8GB 256-Bit GDDR6 PCI Express 3.0 HDCP Ready Video Card,"$1,999.99 (1 Offers)–",4.0,,https://www.newegg.com/asus-geforce-rtx-2070-rog-strix-rtx2070-8g-gaming/p/N82E16814126270?Description=rtx,NONE,OC Mode: 1650 MHzGaming Mode (Default): 1620 MHz,ASUS,2304,"11.83"" x 5.14""",NVIDIA,Triple Fans,1410 MHz,NONE,20-Aug-20,DirectX 12,2 x DisplayPort 1.4,NONE,NONE,14000 MHz,"""NVIDIA TURING: ROG GeForce RTX graphics cards are powered by the Turing GPU architecture and the all-new RTX platform. This gives you up to 6X the performance of previous-generation graphics cards and brings the power of real-time ray tracing and AI to games.DirectX 12: Power new visual effects and rendering techniques for more lifelike gaming.NVIDIA Shadowplay Record and share high-quality gameplay videos, screenshots, and livestreams with your friends.Unique Wing-blade Fans deliver high air pressure, reduced noise levels, IP5X certified dust resistance, and 0dB mode for silent gaming.MaxContact Technology allows 2X more contact with the GPU chip for improved thermal transfer.Auto-Extreme Technology uses automation to enhance reliability.Super Alloy Power II includes premium alloy chokes, solid polymer capacitors, and an array of high-current power stages to fuel Turings cores.ASUS FanConnect II equips 2 hybrid-controlled fan headers for optimal system cooling.GPU Tweak II provides intuitive performance tweaking and thermal controls.""",NONE,GeForce RTX 2070,NVIDIA GeForce RTX 20 Series,2.2,2 x HDMI 2.0b,PCI Express 3.0,300 mm,7680 x 4320,256-Bit,8GB,GDDR6,ROG-STRIX-RTX2070-8G-GAMING,4,OpenGL 4.5,NONE,NONE,1 x USB Type-C,Accessories:1 x CD1 x Quick Guide1 x ROG Velcro Hook & Loop,"1 x 6-Pin, 1 x 8-Pin",No,ROG Strix,2.5-slot,Recommended PSU: 550W,185W,Yes,-40,300.482,130.556
EVGA,RTX 2070,"EVGA GeForce RTX 2070 XC GAMING, 08G-P4-2172-KR, 8GB GDDR6, Dual HDB Fans & RGB LED",$869.99 –,3.0,,https://www.newegg.com/evga-geforce-rtx-2070-08g-p4-2172-kr/p/N82E16814487412?Description=rtx,NONE,1710 MHz,EVGA,2304,"10.62"" x 4.38""",NVIDIA,Double Fans,NONE,NONE,20-Jul-20,DirectX 12,3 x DisplayPort 1.4,NONE,NONE,14000 MHz,"NVIDIA AnselAdjustable RGB LEDAll-Metal Backplate, Pre-InstalledReal-Time Ray TracingNVIDIA GeForce ExperienceNVIDIA HighlightsNVIDIA G-SYNC CompatibleGame Ready DriversMicrosoft DirectX 12 API, Vulkan API, OpenGL 4.5NVIDIA GPU BoostBuilt for EVGA Precision X1Designed for USB Type-C and VirtualLink",NONE,GeForce RTX 2070,NVIDIA GeForce RTX 20 Series,2.2,1 x HDMI 2.0b,PCI Express 3.0,270 mm,7680 x 4320,256-Bit,8GB,GDDR6,08G-P4-2172-KR,4,OpenGL 4.5,Windows 10 64-bitWindows 7 64-bit,NONE,1 x USB Type-C,NONE,"1 x 6-Pin, 1 x 8-Pin",No,NONE,Dual Slot,Minimum of a 550-Watt power supplyAn available 6-pin PCIe power connector and an available 8 pin PCIe power connector,175W,Yes,-73,269.748,111.25200000000001
ASUS,RTX 2070,ASUS Dual GeForce RTX 2070 SUPER DUAL-RTX2070S-A8G-EVO 8GB 256-Bit GDDR6 PCI Express 3.0 x16 HDCP Ready SLI Support Video Card,$734.59 (2 Offers)–,4.0,25.0,https://www.newegg.com/asus-geforce-rtx-2070-super-dual-rtx2070s-a8g-ev/p/N82E16814126394?Description=rtx,NONE,OC Mode: 1815 MHz Gaming Mode (Default): 1785 MHz,ASUS,2560,"10.50"" x 4.70""",NVIDIA,Double Fans,OC Mode: 1635 MHzGaming Mode (Default): 1605 MHz,NONE,28-Oct-20,NONE,3 x DisplayPort 1.4,NONE,NONE,14000 MHz,"RT Cores: Dedicated ray tracing hardware enables fast real-time ray tracing of objects and environments with physically accurate shadows, reflections, refractions, and global illumination.Concurrent Floating Point and Integer Processing: Turing GPUs more efficiently process the compute heavy workloads of modern games.Ultra-fast GDDR6: Experience up to 496 GB/s of memory bandwidth for high-speed, high-resolution gaming.Axial-tech fan design features a smaller fan hub that facilitates longer blades and a barrier ring that increases downward air pressure.0dB Technology lets you enjoy light gaming in relative silence.2.7-slot Design expands cooling surface area to make the most of the two powerful Axial-tech fans.Auto-Extreme Technology uses automation to enhance reliability.A Protective backplate secures components during transportation and installation.GPU Tweak II provides intuitive performance tweaking, thermal controls, and system monitoring.144-hour Validation Program puts cards through a series of stringent tests to ensure compatibility with the latest games.",NONE,GeForce RTX 2070 SUPER,NONE,2.2,1 x HDMI 2.0b,PCI Express 3.0 x16,267 mm,7680 x 4320,256-Bit,8GB,GDDR6,DUAL-RTX2070S-A8G-EVO,4,OpenGL 4.6,NONE,NONE,NONE,Accessories:1 x Quick Guide,"1 x 6-pin, 1 x 8-pin",SLI Ready,Dual,2.7 slot,Recommended PSU: 650W,235W,Yes,883 (79% Positive),266.7,119.38
EVGA,RTX 2070,"EVGA GeForce RTX 2070 SUPER BLACK GAMING, 08G-P4-3071-KR, 8GB GDDR6",$534.99 (2 Offers)–,4.0,,https://www.newegg.com/evga-geforce-rtx-2070-super-08g-p4-3071-kr/p/N82E16814487456?Description=rtx,NONE,1770 MHz,EVGA,2560,"10.62"" x 4.38""",NVIDIA,Double Fans,NONE,NONE,25-Jul-20,DirectX 12,3 x DisplayPort 1.4,NONE,NONE,14000 MHz,"NVIDIA AnselReal-Time Ray TracingNVIDIA GeForce ExperienceNVIDIA HighlightsNVIDIA G-SYNC CompatibleGame Ready DriversMicrosoft DirectX 12 API, Vulkan API, OpenGL 4.5NVIDIA GPU BoostBuilt for EVGA Precision X1Designed for USB Type-C and VirtualLink",NONE,GeForce RTX 2070 SUPER,NONE,2.2,1 x HDMI 2.0b,PCI Express 3.0,270 mm,7680 x 4320,256-Bit,8GB,GDDR6,08G-P4-3071-KR,4,OpenGL 4.5,"Windows 10 64-bit, Windows 7 64-bit",NONE,1 x USB Type-C VirtualLink,NONE,An available 6-pin PCIe power connector and an available 8-pin PCIe power connector,2-Way SLI,NONE,Dual Slot,"650W or greater power supply.PCI Express, PCI Express 2.0 or PCI Express 3.0 compliant motherboard with one graphics slot.",215W,Yes,-143,269.748,111.25200000000001
MSI,RTX 2070,MSI GeForce RTX 2070 SUPER DirectX 12 RTX 2070 SUPER VENTUS OC 8GB 256-Bit GDDR6 PCI Express 3.0 x16 HDCP Ready SLI Support Video Card,$844.99 –,4.0,,https://www.newegg.com/msi-geforce-rtx-2070-super-rtx-2070-super-ventus-oc/p/N82E16814137438?Description=rtx,NONE,1785 MHz,MSI,2560,"10.12"" x 5.00""",NVIDIA,Double Fans,NONE,NONE,28-Oct-20,DirectX 12,3 x DisplayPort 1.4,NONE,NONE,14 Gpbs,"TORX Fan 2.0:Dispersion fan blade: Steep curved blade accelerating the airflow.Traditional fan blade: Provides steady airflow to massive heat sink below.Afterburner Overclocking Utility:OC Scanner: An automated function finds the highest stable overclock settings.Kombustor: The latest DirectX versions benchmark supporting.Predator: In-game video recording.NVIDIA G-SYNC and HDR:Get smooth, tear-free gameplay at refresh rates up to 240 Hz, plus HDR, and more. This is the ultimate gaming display and the go-to equipment for enthusiast gamers.GeForce RTX VR:By combining advanced VR rendering, real-time ray tracing, and AI, GeForce RTX will take VR to a new level of realism.",NONE,GeForce RTX 2070 SUPER,NONE,2.2,1 x HDMI 2.0b,PCI Express 3.0 x16,257 mm,7680 x 4320,256-Bit,8GB,GDDR6,RTX 2070 SUPER VENTUS OC,4,OpenGL 4.5,NONE,NONE,NONE,NONE,1 x 8-pin and 1 x 6-pin,"NVIDIA NVLINK (SLI-Ready), 2-way",NONE,NONE,Recommended PSU: 650W,215W,Yes,16 (81% Positive),257.048,127.0
GIGABYTE,RTX 2070,"GIGABYTE GeForce RTX 2070 Super GAMING OC 8G Graphics Card, 3 x WINDFORCE Fans, 8GB 256-Bit GDDR6, GV-N207SGAMING OC-8GC Video Card",$719.99 (3 Offers)–,4.0,45.0,https://www.newegg.com/gigabyte-geforce-rtx-2070-super-gv-n207sgaming-oc-8gc/p/N82E16814932171?Description=rtx,NONE,NONE,GIGABYTE,2560,"11.28"" x 4.51""",NVIDIA,WINDFORCE 3X,1815 MHz,NONE,9-Oct-20,DirectX 12,3 x DisplayPort 1.4,NONE,NONE,14000 MHz,Powered by GeForce RTX 2070 SUPERIntegrated with 8GB GDDR6 256-bit memory interfaceWINDFORCE 3X Cooling System with alternate spinning fansRGB Fusion 2.0 - synchronize with other AORUS devicesMetal Back Plate,ATX,GeForce RTX 2070 SUPER,NONE,NONE,1 x HDMI 2.0b,PCI Express 3.0 x16,287 mm,7680 x 4320 @ 60 Hz,256-Bit,8GB,GDDR6,GV-N207SGAMING OC-8GC,4,OpenGL 4.5,NONE,NONE,1 x USB Type-C (support VirtualLink),Accessories:Quick guideDriver CD,"1 x 8-Pin, 1 x 6-Pin",2-way NVIDIA NVLINK,NONE,2.5 slot,System PSU Limitation: 650W,215W,Yes,36 (64% Positive),286.512,114.554
PNY,RTX 2070,PNY GeForce RTX 2070 SUPER Graphic Card - 8 GB GDDR6,$857.06 –,2.0,25.0,https://www.newegg.com/p/N82E16814133796?Description=rtx,NONE,NONE,PNY,NONE,NONE,NVIDIA,With Fan,NONE,NONE,6-Jul-20,DirectX 12OpenGL 4.5Vulkan,3,NONE,NONE,NONE,DisplayPort:Yes,Plug-in Card,RTX 2070 SUPER,NONE,NONE,1 x HDMI,NONE,281 mm,NONE,256-Bit,8 GB,GDDR6,NONE,NONE,DirectX 12OpenGL 4.5Vulkan,NONE,NONE,NONE,NONE,NONE,NONE,NONE,NONE,NONE,215W,NONE,-1,0.0,0.0
EVGA,RTX 2070,"EVGA GeForce RTX 2070 SUPER XC ULTRA GAMING, 08G-P4-3173-RX, 8GB GDDR6, Dual HDB Fans, RGB LED, Metal Backplate",$499.99 –,5.0,9.99,https://www.newegg.com/evga-geforce-rtx-2070-super-08g-p4-3173-rx/p/N82E16814487503?Description=rtx,NONE,1800 MHz,EVGA,2560,"10.62"" x 4.38""",NVIDIA,Double Fans,NONE,NONE,7-May-20,DirectX 12,3 x DisplayPort 1.4,NONE,NONE,14000 MHz,"NVIDIA AnselAdjustable RGB LEDAll-Metal Backplate, Pre-InstalledReal-Time Ray TracingNVIDIA GeForce ExperienceNVIDIA HighlightsNVIDIA G-SYNC CompatibleGame Ready DriversDisplayPort 1.4, HDMI 2.0bHDCP 2.2NVIDIA GPU BoostBuilt for EVGA Precision X1Designed for USB Type-C and VirtualLinkMicrosoft DirectX 12 Ultimate, Vulkan, OpenGL 4.6",NONE,GeForce RTX 2070 SUPER,NONE,2.2,1 x HDMI 2.0b,PCI Express 3.0,270 mm,7680 x 4320,256-Bit,8GB,GDDR6,08G-P4-3173-RX,4,OpenGL 4.6,"Windows 10 64-bit, Windows 7 64-bit",NONE,1 x USB Type-C VirtualLink,NONE,An available 6-pin PCIe power connector and an available 8-pin PCIe power connector,SLI Ready,NONE,2.75 Slot,"650W or greater power supply.PCI Express, PCI Express 2.0 or PCI Express 3.0 compliant motherboard with one graphics slot.",215W,Yes,-9,269.748,111.25200000000001
ASUS,RTX 2070,ASUS ROG STRIX GeForce RTX 2070 SUPER DirectX 12 ROG-STRIX-RTX2070S-8G-GAMING 8GB 256-Bit GDDR6 PCI Express 3.0 HDCP Ready SLI Support Video Card,$749.99 (3 Offers)–,4.0,75.0,https://www.newegg.com/asus-geforce-rtx-2070-super-rog-strix-rtx2070s-8g-gaming/p/N82E16814126366?Description=rtx,NONE,OC mode: 1800 MHzGaming mode: 1770 MHz,ASUS,2560,"11.80"" x 5.13""",NVIDIA,Triple Fans,OC mode: 1635 MHzGaming mode: 1605 MHz,NONE,28-Oct-20,DirectX 12,2 x DisplayPort 1.4,NONE,NONE,14000 MHz,"RT Cores: Dedicated ray tracing hardware enables fast real-time ray tracing of objects and environments with physically accurate shadows, reflections, refractions, and global illumination.Concurrent Floating Point and Integer Processing: Turing GPUs more efficiently process the compute heavy workloads of modern games.Ultra-fast GDDR6: Experience up to 496 GB/s of memory bandwidth for high-speed, high-resolution gaming.Axial-tech fan design features a smaller fan hub that facilitates longer blades and a barrier ring that increases downward air pressure.0dB Technology lets you enjoy light gaming in relative silence.2.7-slot Design expands cooling surface area to make the most of the three powerful Axial-tech fans.Dual BIOS switch lets you toggle between Quiet and Performance BIOS profiles sans software.Auto-Extreme Technology uses automation to enhance reliability.Super Alloy Power II includes premium alloy chokes, solid polymer capacitors, and an array of high-current power stages.MaxContact Technology allows 2X more contact with the GPU chip for improved thermal transfer.A reinforced frame prevents excessive torsion and lateral bending of the PCB.GPU Tweak II provides intuitive performance tweaking, thermal controls, and system monitoring.Aura Sync compatibility lets you customize and sync lighting effects with other compatible hardware.ASUS FanConnect II equips 2 hybrid-controlled fan headers for optimal system cooling.",NONE,GeForce RTX 2070 SUPER,NONE,2.2,2 x HDMI 2.0b,PCI Express 3.0,300 mm,7680 x 4320,256-Bit,8GB,GDDR6,ROG-STRIX-RTX2070S-8G-GAMING,4,OpenGL 4.6,NONE,NONE,1 x USB Type-C,Accessories:1 x Quick Guide1 x ROG Velcro Hook & Loop,2 x 8-Pin,SLI Ready,ROG STRIX,2.7 slot,Recommended PSU: 650W,215W,Yes,883 (79% Positive),299.72,130.30200000000002
ASUS,RTX 2070,ASUS Dual GeForce RTX 2070 DirectX 12 DUAL-RTX2070-O8G-EVO 8GB 256-Bit GDDR6 PCI Express 3.0 HDCP Ready Video Card,$685.00 (2 Offers)–,5.0,,https://www.newegg.com/asus-geforce-rtx-2070-dual-rtx2070-o8g-evo/p/N82E16814126326?Description=rtx,NONE,OC Mode: 1740 MHzGaming Mode (Default): 1710 MHz,ASUS,2304,"10.51"" x 4.65""",NVIDIA,Double Fans,1410 MHz,1 x DL-DVI-D,7-Oct-20,DirectX 12,2 x DisplayPort 1.4,Yes,NONE,14000 MHz,"""NVIDIA TURING: ASUS GeForce RTX graphics cards are powered by the Turing GPU architecture and the all-new RTX platform. This gives you up to 6X the performance of previous-generation graphics cards and brings the power of real-time ray tracing and AI to games.DirectX 12: Power new visual effects and rendering techniques for more lifelike gaming.4K: Step up to the ultimate 4K gaming experience with GeForce RTX and enjoy todays biggest games in amazing detail.Axial-tech Fans feature an all-around better design and IP5X dust resistance.2.7-Slot Design expands cooling surface area to make the most of the two powerful Axial-tech fans.Auto-Extreme Technology uses automation to enhance reliability.Super Alloy Power II includes premium alloy chokes, solid polymer capacitors, and an array of high-current power stages to fuel Turings cores.Reinforced by a Protective Backplate that prevents PCB flex and trace damage.GPU Tweak II provides intuitive performance tweaking and thermal controls.144-Hour Validation Program puts cards through a series of stringent tests to ensure reliability.""",NONE,GeForce RTX 2070,NVIDIA GeForce RTX 20 Series,2.2,2 x HDMI 2.0b,PCI Express 3.0,267 mm,7680 x 4320,256-Bit,8GB,GDDR6,DUAL-RTX2070-O8G-EVO,4,OpenGL 4.5,NONE,NONE,NONE,Accessories:1 x CD1 x Quick Guide,8-Pin,No,Dual,2.7 slots,Recommended PSU: 550W,215W,NONE,883 (79% Positive),266.954,118.11
MSI,RTX 2070,MSI GeForce RTX 2070 DirectX 12 RTX 2070 GAMING Z 8G 8GB 256-Bit GDDR6 PCI Express 3.0 x16 HDCP Ready Video Card,"$1,299.99 –",,,https://www.newegg.com/msi-geforce-rtx-2070-rtx-2070-gaming-z-8g/p/1FT-0009-001N7?Description=rtx,NONE,1830 MHz,MSI,2304,"12.09"" x 6.10""",NVIDIA,Double Fans,1410 MHz,NONE,22-Jan-19,DirectX 12,3 x DisplayPort 1.4,NONE,NONE,14 Gbps,"Twin Frozr 7 Thermal Design: TORX Fan 3.0 with Double Ball Bearings - Dispersion fan blade: Steep curved blade accelerating the airflow. - Traditional fan blade: Provides steady airflow to massive heat sink below. Mastery of Aerodynamics: The heatsink is optimized for efficient heat dissipation, keeping your temperatures low and performance high. Zero Frozr technology: Stopping the fan in low-load situations, keeping a noise-free environment.  RGB Mystic Light: Customize colors and LED effects with exclusive MSI software and synchronize the look & feel with other components.  Dragon Center: 1 click to optimize all you need for smooth gaming.",NONE,GeForce RTX 2070,NVIDIA GeForce RTX 20 Series,2.2,1 x HDMI 2.0b,PCI Express 3.0 x16,307 mm,7680 x 4320,256-Bit,8GB,GDDR6,RTX 2070 GAMING Z 8G,4,OpenGL 4.5,NONE,NONE,1 x USB Type-C,NONE,"1 x 8-pin, 1 x 6-pin",NONE,NONE,NONE,Power consumption: 225W (default) Recommended PSU: 550W,NONE,Yes,0 reviews,307.086,154.94
MSI,RTX 2070,MSI GeForce RTX 2070 SUPER DirectX 12 RTX 2070 Super GAMING X 8GB 256-Bit GDDR6 PCI Express 3.0 x16 HDCP Ready SLI Support Video Card,"$1,099.99 –",,,https://www.newegg.com/p/1FT-0009-004C6?Description=rtx,NONE,1800 MHz,MSI,2560,"11.69"" x 5.63""",NVIDIA,Double Fans,NONE,NONE,7-Jan-20,DirectX 12,3 x DisplayPort 1.4,NONE,NONE,14 Gbps,"Twin Frozr 7 Thermal Design TORX Fan 3.0 with Double Ball Bearings - Dispersion fan blade: Steep curved blade accelerating the airflow. - Traditional fan blade: Provides steady airflow to massive heat sink below. Mastery of Aerodynamics: The heatsink is optimized for efficient heat dissipation, keeping your temperatures low and performance high. Zero Frozr technology: Stopping the fan in low-load situations, keeping a noise-free environment.  RGB Mystic Light Customize colors and LED effects with exclusive MSI software and synchronize the look & feel with other components.  Dragon Center A consolidated platform that offers all software including MYSTIC LIGHT functionality for your MSI Gaming product.",NONE,GeForce RTX 2070 SUPER,NONE,2.2,1 x HDMI 2.0b,PCI Express 3.0 x16,297 mm,7680 x 4320,256-Bit,8GB,GDDR6,NONE,4,OpenGL 4.5,NONE,NONE,NONE,NONE,"1 x 6-Pin, 1 x 8-Pin","NVIDIA NVLink (SLI-Ready), 2-way",RTX 2070 Super GAMING X,NONE,Pwr Supply: 650W,125W,Yes,0 reviews,296.926,143.002
MSI,RTX 2070,MSI GeForce RTX 2070 SUPER DirectX 12 RTX 2070 Super GAMING X 8GB 256-Bit GDDR6 PCI Express 3.0 x16 HDCP Ready SLI Support Video Card,$999.99 –,,,https://www.newegg.com/msi-geforce-rtx-2070-super-rtx-2070-super-gaming-x/p/1FT-0009-004D8?Description=rtx,NONE,1800 MHz,MSI,2560,"11.69"" x 5.63""",NVIDIA,Double Fans,NONE,NONE,10-Mar-20,DirectX 12,3 x DisplayPort 1.4,NONE,NONE,14 Gbps,"Twin Frozr 7 Thermal Design TORX Fan 3.0 with Double Ball Bearings - Dispersion fan blade: Steep curved blade accelerating the airflow. - Traditional fan blade: Provides steady airflow to massive heat sink below. Mastery of Aerodynamics: The heatsink is optimized for efficient heat dissipation, keeping your temperatures low and performance high. Zero Frozr technology: Stopping the fan in low-load situations, keeping a noise-free environment.  RGB Mystic Light Customize colors and LED effects with exclusive MSI software and synchronize the look & feel with other components.  Dragon Center A consolidated platform that offers all software including MYSTIC LIGHT functionality for your MSI Gaming product.",NONE,GeForce RTX 2070 SUPER,NONE,2.2,1 x HDMI 2.0b,PCI Express 3.0 x16,297 mm,7680 x 4320,256-Bit,8GB,GDDR6,RTX 2070 Super GAMING X,4,OpenGL 4.5,NONE,NONE,NONE,NONE,"1 x 6-Pin, 1 x 8-Pin","NVIDIA NVLink (SLI-Ready), 2-way",NONE,NONE,Pwr Supply: 650W,215W,Yes,0 reviews,296.926,143.002
MSI,RTX 2070,MSI GeForce RTX 2070 DirectX 12 RTX 2070 ARMOR 8G 8GB 256-Bit GDDR6 PCI Express 3.0 x16 HDCP Ready Video Card,"$1,099.99 –",,,https://www.newegg.com/p/1FT-0009-001M4?Description=rtx,Yes,1620 MHz,MSI,2304,"12.17"" x 6.10""",NVIDIA,Double Fans,1410 MHz,NONE,21-Jan-19,DirectX 12,3 x DisplayPort 1.4,NONE,NONE,14 Gbps,"Armor Thermal Design TORX Fan 2.0 with Double Ball Bearings - Dispersion fan blade: Steep curved blade accelerating the airflow - Traditional fan blade: Provides steady airflow to massive heat sink below Mastery of Aerodynamics: The heatsink is optimized for efficient heat dissipation, keeping your temperatures low and performance high Zero Frozr technology: Stopping the fan in low-load situations, keeping a noise-free environment  RGB Mystic Light Customize colors and LED effects with exclusive MSI software and synchronize the look & feel with other components",NONE,GeForce RTX 2070,NVIDIA GeForce RTX 20 Series,2.2,1 x HDMI 2.0b,PCI Express 3.0 x16,309 mm,7680 x 4320,256-Bit,8GB,GDDR6,NONE,4,OpenGL 4.5,NONE,NONE,1 x USB Type-C,NONE,"1 x 8-pin, 1 x 6-pin",NONE,RTX 2070 ARMOR 8G,NONE,Power consumption: 175W (default) Recommended PSU: 550W,NONE,NONE,0 reviews,309.118,154.94
MSI,RTX 2070,MSI GeForce RTX 2070 SUPER DirectX 12 RTX 2070 Super GAMING X 8GB 256-Bit GDDR6 PCI Express 3.0 x16 HDCP Ready SLI Support Video Card,$824.99 –,,,https://www.newegg.com/p/1FT-0009-004V1?Description=rtx,NONE,1800 MHz,MSI,2560,NONE,NVIDIA,NONE,NONE,NONE,25-Oct-20,NONE,NONE,NONE,NONE,14 Gbps,NONE,NONE,GeForce RTX 2070 SUPER,NONE,NONE,NONE,PCI Express 3.0 x16,NONE,NONE,NONE,NONE,NONE,NONE,NONE,NONE,NONE,NONE,NONE,NONE,NONE,NONE,RTX 2070 Super GAMING X,NONE,NONE,NONE,NONE,0 reviews,0.0,0.0
MSI,RTX 2070,MSI GeForce RTX 2070 SUPER DirectX 12 RTX 2070 SUPER GAMING X TRIO 8GB 256-Bit GDDR6 PCI Express 3.0 x16 HDCP Ready SLI Support Video Card,"$1,049.99 –",,,https://www.newegg.com/msi-geforce-rtx-2070-super-rtx-2070-super-gaming-x-trio/p/1FT-0009-00444?Description=rtx,NONE,1800 MHz,MSI,2560,"12.91"" x 5.51""",NVIDIA,Triple Fans,NONE,NONE,9-Sep-20,DirectX 12,3 x DisplayPort,NONE,NONE,14 Gpbs,"TORX FAN 3.0 Award-winning fan design combining two different fin designs for cool & quiet gaming.  TRI-FROZR THERMAL DESIGN Using three of the award-winning TORX Fans 2.0 with Double Ball Bearings, Tri-Frozr is the pinnacle of air cooling.  ZERO FROZR Eliminates fan noise by stopping the fans in low-load situations so you can focus on your game.  RGB MYSTIC LIGHT Customize colors and LED effects with exclusive MSI software and synchronize the look & feel with other components.  MASTERY OF AERODYNAMICS Using groundbreaking aerodynamic techniques, the heatsink is optimized for efficient heat dissipation.  OC PERFORMANCE MSI OC graphics cards are equipped with higher clock speeds out of the box for increased performance.  MSI AFTERBURNER The ultimate overclocking software with advanced control options and real-time hardware monitor.",NONE,GeForce RTX 2070 SUPER,NONE,2.2,1 x HDMI 2.0b,PCI Express 3.0 x16,328 mm,7680 x 4320,256-Bit,8GB,GDDR6,RTX 2070 SUPER GAMING X TRIO,4,OpenGL 4.5,NONE,NONE,NONE,NONE,2 x 8-Pin,"NVIDIA NVLINK (SLI-Ready), 2-way",NONE,NONE,Power consumption: 215W Recommended PSU: 650W,215W,Yes,0 reviews,327.914,139.954
MSI,RTX 2070,MSI GeForce RTX 2070 DirectX 12 GeForce RTX 2070 VENTUS 8G 256-Bit GDDR6 PCI Express x16 3.0 Video Card,$684.99 –,,99.99,https://www.newegg.com/msi-rtx-2070-ventus-8g-oc/p/1FT-0009-004U3?Description=rtx,NONE,NONE,MSI,NONE,NONE,NONE,NONE,NONE,NONE,19-Oct-20,NONE,NONE,NONE,NONE,NONE,NONE,NONE,NONE,NONE,NONE,NONE,NONE,NONE,NONE,NONE,NONE,NONE,RTX 2070 VENTUS 8G OC,NONE,NONE,NONE,NONE,NONE,NONE,NONE,NONE,NONE,NONE,NONE,NONE,NONE,0 reviews,0.0,0.0
MSI,RTX 2070,MSI GeForce RTX 2070 DirectX 12 RTX 2070 ARMOR 8G OC 8GB 256-Bit GDDR6 PCI Express 3.0 x16 HDCP Ready Video Card,"$1,199.99 –",,,https://www.newegg.com/msi-geforce-rtx-2070-rtx-2070-armor-8g-oc/p/1FT-0009-001N2?Description=rtx,NONE,1740 MHz,MSI,2304,"12.17"" x 6.10""",NVIDIA,Double Fans,1410 MHz,NONE,22-Jan-19,DirectX 12,3 x DisplayPort 1.4,NONE,NONE,14 Gbps,"Armor Thermal Design TORX Fan 2.0 with Double Ball Bearings - Dispersion fan blade: Steep curved blade accelerating the airflow - Traditional fan blade: Provides steady airflow to massive heat sink below Mastery of Aerodynamics: The heatsink is optimized for efficient heat dissipation, keeping your temperatures low and performance high Zero Frozr technology: Stopping the fan in low-load situations, keeping a noise-free environment  RGB Mystic Light Customize colors and LED effects with exclusive MSI software and synchronize the look & feel with other components",NONE,GeForce RTX 2070,NVIDIA GeForce RTX 20 Series,2.2,1 x HDMI 2.0b,PCI Express 3.0 x16,309 mm,7680 x 4320,256-Bit,8GB,GDDR6,RTX 2070 ARMOR 8G OC,4,OpenGL 4.5,NONE,NONE,1 x USB Type-C,NONE,"1 x 8-pin, 1 x 6-pin",NONE,NONE,NONE,Power consumption: 185W (default) Recommended PSU: 550W,NONE,Yes,0 reviews,309.118,154.94
MSI,RTX 2070,MSI GeForce RTX 2070 SUPER DirectX 12 RTX 2070 SUPER GAMING X TRIO 8GB 256-Bit GDDR6 PCI Express 3.0 x16 HDCP Ready SLI Support Video Card,$699.99 –,,99.99,https://www.newegg.com/p/1FT-0009-004U2?Description=rtx,NONE,NONE,NONE,NONE,NONE,NONE,NONE,NONE,NONE,18-Oct-20,NONE,NONE,NONE,NONE,NONE,NONE,NONE,NONE,NONE,NONE,NONE,NONE,NONE,NONE,NONE,NONE,NONE,NONE,NONE,NONE,NONE,NONE,NONE,NONE,NONE,NONE,NONE,NONE,NONE,NONE,NONE,0 reviews,0.0,0.0
PNY,RTX 2070,"PNY GeForce RTX 2070 SUPER Mini - Graphics card - GF RTX 2070 SUPER - 8 GB GDDR6 - PCIe 3.0 x16 - HDMI, 3 x DisplayPort",$885.96 –,,31.0,https://www.newegg.com/p/1FT-000P-003U3?Description=rtx,NONE,NONE,PNY,NONE,NONE,NONE,NONE,NONE,NONE,24-Jun-20,NONE,NONE,NONE,NONE,NONE,NONE,NONE,NONE,NONE,NONE,NONE,NONE,NONE,NONE,NONE,NONE,NONE,NONE,NONE,NONE,NONE,NONE,NONE,NONE,NONE,NONE,NONE,NONE,NONE,NONE,NONE,0 reviews,0.0,0.0
MSI,RTX 2070,MSI GeForce RTX 2070 DirectX 12 RTX 2070 Ventus 8G 8GB 256-Bit GDDR6 PCI Express 3.0 x16 HDCP Ready Video Card,$999.99 –,,,https://www.newegg.com/msi-geforce-rtx-2070-rtx-2070-ventus-8g/p/1FT-0009-001M8?Description=rtx,NONE,1620 MHz,MSI,2304,"8.90"" x 5.04""",NVIDIA,Double Fans,1410 MHz,NONE,31-Jan-19,DirectX 12,3 x DisplayPort 1.4,NONE,NONE,14 Gbps,"DUAL FAN THERMAL DESIGN  Dual fans covers more area of heatsink to take heat away more efficiently.   SOLID BACKPLATE  Increases toughness of the card to prevent bending while complementing the design.   MSI Afterburner  The ultimate overclocking software with advanced control options and real-time hardware monitor.   NVIDIA G-SYNC  Gives you more of what you want in a gaming experience. Incredibly smooth, tear-free gameplay at refresh rates up to 240 Hz.   VR READY  Certified to provide the performance required for a smooth experience in your VR adventures.",NONE,GeForce RTX 2070,NVIDIA GeForce RTX 20 Series,2.2,1 x HDMI 2.0b,PCI Express 3.0 x16,226 mm,NONE,256-Bit,8GB,GDDR6,RTX 2070 Ventus 8G,4,OpenGL 4.5,NONE,NONE,NONE,NONE,8-Pin,NONE,NONE,Dual Slot,Power consumption: 175W (default) Recommended PSU: 550W,NONE,Yes,0 reviews,226.06,128.016
EVGA,RTX 2070,"EVGA GeForce RTX 2070 SUPER XC ULTRA GAMING, 08G-P4-3173-KR, 8GB GDDR6, Dual HDB Fans, RGB LED, Metal Backplate","$1,199.99 –",,,https://www.newegg.com/evga-geforce-rtx-2070-super-08g-p4-3173-kr/p/1FT-001K-006W9?Description=rtx,NONE,1800 MHz,EVGA,2560,"10.62"" x 4.38""",NVIDIA,Double Fans,NONE,NONE,8-Oct-19,DirectX 12,3 x DisplayPort 1.4,NONE,NONE,14000 MHz,"NVIDIA Ansel  Adjustable RGB LED  All-Metal Backplate, Pre-Installed  Real-Time Ray Tracing  NVIDIA GeForce Experience  NVIDIA Highlights  NVIDIA G-SYNC Compatible  Game Ready Drivers  Microsoft DirectX 12 API, Vulkan API, OpenGL 4.5  NVIDIA GPU Boost  Built for EVGA Precision X1  Designed for USB Type-C and VirtualLink",NONE,GeForce RTX 2070 SUPER,NONE,2.2,1 x HDMI 2.0b,PCI Express 3.0,270 mm,7680 x 4320,256-Bit,8GB,GDDR6,08G-P4-3173-KR,4,OpenGL 4.5,"Windows 10 64-bit, Windows 7 64-bit",NONE,1 x USB Type-C VirtualLink,NONE,An available 6-pin PCIe power connector and an available 8 pin PCIe power connector,2-Way SLI,NONE,2.75 Slot,"650W or greater power supply. PCI Express, PCI Express 2.0 or PCI Express 3.0 compliant motherboard with one graphics slot.",215W,Yes,0 reviews,269.748,111.25200000000001
Coolfans,RTX 2070,Gigabyte GeForce RTX 2070 8GB 256-Bit GDDR6 Graphics Card GV-N2070WF2-8GD,$797.49 –,,,https://www.newegg.com/gigabyte-gv-n2070wf2-8gd/p/1FT-009W-00004?Description=rtx,NONE,NONE,GIGABYTE,NONE,NONE,NONE,NONE,1620 MHz,NONE,18-May-20,NONE,NONE,NONE,NONE,NONE,NONE,NONE,NONE,NVIDIA GeForce RTX 20 Series,NONE,NONE,NONE,NONE,NONE,NONE,8GB,NONE,GV-N2070WF2-8GD,NONE,NONE,NONE,NONE,NONE,NONE,NONE,NONE,NONE,NONE,NONE,NONE,NONE,0 reviews,0.0,0.0
EVGA,RTX 2070,"EVGA GeForce RTX 2070 Super KO Gaming, 08G-P4-2072-KR, 8GB GDDR6, Dual Fans","$1,702.79 –",,,https://www.newegg.com/p/1YF-00D3-00032?Description=rtx,NONE,NONE,NONE,NONE,NONE,NONE,NONE,NONE,NONE,15-Oct-20,NONE,NONE,NONE,NONE,NONE,NONE,NONE,NONE,NONE,NONE,NONE,NONE,NONE,NONE,NONE,NONE,NONE,NONE,NONE,NONE,NONE,NONE,NONE,NONE,NONE,NONE,NONE,NONE,NONE,NONE,NONE,0 reviews,0.0,0.0
ASUS,RTX 2070,"ASUS DUAL-RTX2070S-8G-EVO - Graphics card - GF RTX 2070 SUPER - 8 GB GDDR6 - PCIe 3.0 x16 - HDMI, 3 x DisplayPort",$821.08 –,,61.0,https://www.newegg.com/p/1FT-000Y-00487?Description=rtx,NONE,NONE,ASUS,NONE,NONE,NONE,NONE,NONE,NONE,29-Aug-20,NONE,3 x DisplayPort,NONE,NONE,NONE,NONE,NONE,GeForce RTX 2070 SUPER,NVIDIA GeForce RTX 20 Series,NONE,1 x HDMI,NONE,NONE,NONE,NONE,8GB,GDDR6,NONE,NONE,NONE,NONE,NONE,NONE,NONE,NONE,NONE,NONE,NONE,NONE,235W,NONE,0 reviews,0.0,0.0
GIGABYTE,RTX 2070,"GIGABYTE GeForce RTX 2070 Super GAMING OC 8G Graphics Card, 3 x WINDFORCE Fans, 8GB 256-Bit GDDR6, GV-N207SGAMING OC-8GC Video Card",$717.99 –,,99.99,https://www.newegg.com/p/1FT-000A-001C6?Description=rtx,NONE,,GIGABYTE,NONE,NONE,NONE,Triple Fans,NONE,NONE,26-Oct-20,NONE,NONE,NONE,None,NONE,NONE,NONE,NONE,NONE,NONE,NONE,NONE,NONE,NONE,NONE,8GB,NONE,NONE,NONE,NONE,NONE,GAMING OC,NONE,NONE,NONE,NONE,NONE,NONE,NONE,NONE,NONE,0 reviews,0.0,0.0
GIGABYTE,RTX 2070,"GIGABYTE AORUS GeForce RTX 2070 Super 8G Graphics Card, WINDFORCE Stack, 8GB 256-Bit GDDR6, GV-N207SAORUS-8GC Video Card",$776.99 –,,99.99,https://www.newegg.com/p/1FT-000A-001C0?Description=rtx,NONE,,GIGABYTE,NONE,NONE,NONE,Triple Fans,NONE,NONE,26-Oct-20,NONE,NONE,NONE,None,NONE,NONE,NONE,NONE,NONE,NONE,NONE,NONE,NONE,NONE,NONE,8GB,NONE,NONE,NONE,NONE,NONE,AORUS-8GC,NONE,NONE,NONE,NONE,NONE,NONE,NONE,NONE,NONE,0 reviews,0.0,0.0
ASUS,RTX 2070,"ASUS DUAL-RTX2070S-O8G-EVO - Overclocked Edition - graphics card - GF RTX 2070 SUPER - 8 GB GDDR6 - PCIe 3.0 x16 - HDMI,",$813.58 –,,49.0,https://www.newegg.com/p/1FT-000Y-004H4?Description=rtx,NONE,NONE,ASUS,NONE,NONE,NONE,NONE,NONE,NONE,24-Jun-20,NONE,NONE,NONE,NONE,NONE,NONE,NONE,NONE,NONE,NONE,NONE,NONE,NONE,NONE,NONE,NONE,NONE,NONE,NONE,NONE,NONE,NONE,NONE,NONE,NONE,NONE,NONE,NONE,NONE,NONE,NONE,0 reviews,0.0,0.0
EVGA,RTX 2070,"EVGA 08G-P4-3173-KR GeForce RTX 2070 Super XC ultra gaming, 8GB GDDR6, Dual HDB Fans, RGB LED, Metal Backplate","$1,992.79 –",,,https://www.newegg.com/p/1YF-00D3-00040?Description=rtx,NONE,NONE,NONE,NONE,NONE,NONE,NONE,NONE,NONE,15-Oct-20,NONE,NONE,NONE,NONE,NONE,NONE,NONE,NONE,NONE,NONE,NONE,NONE,NONE,NONE,NONE,NONE,NONE,NONE,NONE,NONE,NONE,NONE,NONE,NONE,NONE,NONE,NONE,NONE,NONE,NONE,NONE,0 reviews,0.0,0.0
GIGABYTE,RTX 2070,GIGABYTE GeForce RTX 2070 SUPER DirectX 12 GV-N207SGAMINGOC WHITE-8GD 8GB 256-Bit GDDR6 PCI Express 3.0 x16 SLI Support ATX Video Card,$736.99 –,,99.99,https://www.newegg.com/p/1FT-000A-001C3?Description=rtx,NONE,,GIGABYTE,NONE,NONE,NONE,Triple Fans,NONE,NONE,26-Oct-20,NONE,NONE,NONE,None,NONE,NONE,NONE,NONE,NONE,NONE,NONE,NONE,NONE,NONE,NONE,8GB,NONE,NONE,NONE,NONE,NONE,GAMING OC 3X WHITE,NONE,NONE,NONE,NONE,NONE,NONE,NONE,NONE,NONE,0 reviews,0.0,0.0
ASUS,RTX 2070,ASUS ROG STRIX GeForce RTX 2070 SUPER Advanced Overclocked 8G GDDR6 HDMI DisplayPort USB Type-C Gaming Graphics Card (ROG-STRIX-RTX2070S-A8G-GAMING),$733.99 –,,99.99,https://www.newegg.com/p/1FT-000Y-004X8?Description=rtx,NONE,NONE,NONE,NONE,NONE,NONE,NONE,NONE,NONE,26-Oct-20,NONE,NONE,NONE,NONE,NONE,NONE,NONE,NONE,NONE,NONE,NONE,NONE,NONE,NONE,NONE,NONE,NONE,NONE,NONE,NONE,NONE,NONE,NONE,NONE,NONE,NONE,NONE,NONE,NONE,NONE,NONE,0 reviews,0.0,0.0
ASUS,RTX 2070,ASUS ROG Strix RTX 2070 OC 8GB GDDR6 Graphics Card (90YV0C60-M0NM00),"$1,234.48 –",,55.0,https://www.newegg.com/p/1FT-000Y-001P8?Description=rtx,NONE,NONE,ASUSTEK,NONE,NONE,NONE,NONE,NONE,NONE,27-Jun-20,NONE,NONE,NONE,NONE,NONE,NONE,NONE,GeForce RTX 2080,NONE,NONE,NONE,NONE,NONE,NONE,NONE,8GB,GDDR6,NONE,NONE,NONE,NONE,NONE,NONE,NONE,NONE,NONE,NONE,NONE,NONE,260W,NONE,0 reviews,0.0,0.0
EVGA,RTX 2070,EVGA GEFORCE RTX 2070 SUPER XC HYBRID GAMING 8GB GDDR6 PCI Express 3.0 1800 MHz,$999.99 –,,,https://www.newegg.com/evga-08g-p4-3178-kr/p/1FT-001K-00CT0?Description=rtx,NONE,NONE,EVGA,NONE,NONE,NONE,NONE,NONE,NONE,6-Jul-20,NONE,NONE,NONE,NONE,NONE,NONE,NONE,NONE,NONE,NONE,NONE,NONE,NONE,NONE,NONE,NONE,NONE,08G-P4-3178-KR,NONE,NONE,NONE,NONE,NONE,NONE,NONE,NONE,2070 SUPER XC HYBRID GAMING,NONE,NONE,NONE,NONE,0 reviews,0.0,0.0
ASUS,RTX 2070,ASUS ROG-STRIX-RTX2070S-O8G-GAMING - OC Edition - graphics card - GF RTX 2070 SUPER - 8 GB GDDR6 - PCIe 3.0 x16 - 2 x HD,$853.99 –,,99.99,https://www.newegg.com/p/1FT-000Y-004X2?Description=rtx,NONE,NONE,NONE,NONE,NONE,NONE,NONE,NONE,NONE,25-Oct-20,NONE,NONE,NONE,NONE,NONE,NONE,NONE,NONE,NONE,NONE,NONE,NONE,NONE,NONE,NONE,NONE,NONE,NONE,NONE,NONE,NONE,NONE,NONE,NONE,NONE,NONE,NONE,NONE,NONE,NONE,NONE,0 reviews,0.0,0.0
ASUS,RTX 2070,ASUS ROG STRIX GeForce RTX 2070 SUPER DirectX 12 ROG-STRIX-RTX2070S-8G-GAMING 8GB 256-Bit GDDR6 PCI Express 3.0 HDCP Ready SLI Support Video Card,$844.99 –,,99.99,https://www.newegg.com/p/1FT-000Y-004X4?Description=rtx,NONE,NONE,NONE,NONE,NONE,NONE,NONE,NONE,NONE,25-Oct-20,NONE,NONE,NONE,NONE,NONE,NONE,NONE,NONE,NONE,NONE,NONE,NONE,NONE,NONE,NONE,NONE,NONE,NONE,NONE,NONE,NONE,NONE,NONE,NONE,NONE,NONE,NONE,NONE,NONE,NONE,NONE,0 reviews,0.0,0.0
ASUS,RTX 2070,ASUS ROG-STRIX-RTX2070S-O8G-GAMING - OC Edition - graphics card - GF RTX 2070 SUPER - 8 GB GDDR6 - PCIe 3.0 x16 - 2 x HD,$769.99 (3 Offers)–,,135.0,https://www.newegg.com/p/1FT-000Y-004A6?Description=rtx,NONE,NONE,ASUS,NONE,NONE,NONE,NONE,NONE,NONE,3-Oct-20,NONE,2 x DisplayPort,NONE,NONE,NONE,NONE,NONE,GeForce RTX 2070 SUPER,NVIDIA GeForce RTX 20 Series,NONE,2 x HDMI,NONE,NONE,NONE,NONE,8GB,GDDR6,NONE,NONE,NONE,NONE,NONE,NONE,NONE,NONE,NONE,NONE,NONE,NONE,235W,NONE,16 (81% Positive),0.0,0.0
GIGABYTE,RTX 2070,"GIGABYTE GeForce RTX 2070 Super WINDFORCE OC 3X 8G Graphics Card, 3 x WINDFORCE Fans, 8GB 256-Bit GDDR6, GV-N207SWF3OC-8GD Video Card",$640.99 –,,99.99,https://www.newegg.com/p/1FT-000A-001C9?Description=rtx,NONE,,GIGABYTE,NONE,NONE,NONE,Triple Fans,NONE,NONE,26-Oct-20,NONE,NONE,NONE,None,NONE,NONE,NONE,NONE,NONE,NONE,NONE,NONE,NONE,NONE,NONE,8GB,NONE,NONE,NONE,NONE,NONE,WINDFORCE OC 3X,NONE,NONE,NONE,NONE,NONE,NONE,NONE,NONE,NONE,0 reviews,0.0,0.0
Inno3D,RTX 2070,Inno3D RTX 2070 8GB GDDR6 Graphics Card (N20702-08D6-1160VA22),"$1,039.99 –",,,https://www.newegg.com/p/1FT-000N-001C6?Description=rtx,NONE,NONE,NONE,NONE,NONE,NONE,NONE,NONE,NONE,31-Mar-19,NONE,NONE,NONE,NONE,NONE,NONE,NONE,GeForce RTX 2070,NONE,NONE,NONE,NONE,NONE,NONE,NONE,8GB,GDDR6,NONE,NONE,NONE,NONE,NONE,NONE,NONE,NONE,NONE,NONE,NONE,NONE,225W,NONE,0 reviews,0.0,0.0
ASUS,RTX 2070,ASUS ROG STRIX GeForce RTX 2070 SUPER DirectX 12 ROG-STRIX-RTX2070S-8G-GAMING 8GB 256-Bit GDDR6 PCI Express 3.0 HDCP Ready SLI Support Video Card,$950.88 –,,25.0,https://www.newegg.com/asus-geforce-rtx-2070-super-rog-strix-rtx2070s-8g-gaming/p/N82E16814126380?Description=rtx,NONE,OC mode: 1800 MHzGaming mode: 1770 MHz,ASUS,2560,"11.80"" x 5.13""",NVIDIA,Triple Fans,OC mode: 1635 MHzGaming mode: 1605 MHz,NONE,29-Aug-20,DirectX 12,2 x DisplayPort 1.4,NONE,NONE,14000 MHz,"Concurrent Floating Point and Integer Processing: Turing GPUs more efficiently process the compute heavy workloads of modern games.Ultra-fast GDDR6: Experience up to 496 GB/s of memory bandwidth for high-speed, high-resolution gaming.Axial-tech fan design features a smaller fan hub that facilitates longer blades and a barrier ring that increases downward air pressure.0dB Technology lets you enjoy light gaming in relative silence.2.7-slot Design expands cooling surface area to make the most of the three powerful Axial-tech fans.Dual BIOS switch lets you toggle between Quiet and Performance BIOS profiles sans software.Auto-Extreme Technology uses automation to enhance reliability.Super Alloy Power II includes premium alloy chokes, solid polymer capacitors, and an array of high-current power stages.MaxContact Technology allows 2X more contact with the GPU chip for improved thermal transfer.A reinforced frame prevents excessive torsion and lateral bending of the PCB.GPU Tweak II provides intuitive performance tweaking, thermal controls, and system monitoring.Aura Sync compatibility lets you customize and sync lighting effects with other compatible hardware.ASUS FanConnect II equips 2 hybrid-controlled fan headers for optimal system cooling.",NONE,GeForce RTX 2070 SUPER,NVIDIA GeForce RTX 20 Series,2.2,2 x HDMI 2.0b,PCI Express 3.0,300 mm,7680 x 4320,256-Bit,8GB,GDDR6,ROG-STRIX-RTX2070S-8G-GAMING,4,OpenGL 4.6,NONE,NONE,1 x USB Type-C,Accessories:1 x Quick Guide1 x ROG Velcro Hook & Loop,2 x 8-Pin,SLI Ready,ROG STRIX,2.7 slot,Recommended PSU: 650W,215W,Yes,0 reviews,299.72,130.30200000000002
ASUS,RTX 2070,ASUS GeForce RTX 2070 Super Overclocked 8G EVO GDDR6 Dual-Fan Edition HDMI DisplayPort Gaming Graphics Card (DUAL-RTX2070S-O8G-EVO),$727.99 –,,99.99,https://www.newegg.com/p/1FT-000Y-004Y2?Description=rtx,NONE,NONE,NONE,NONE,NONE,NONE,NONE,NONE,NONE,26-Oct-20,NONE,NONE,NONE,NONE,NONE,NONE,NONE,NONE,NONE,NONE,NONE,NONE,NONE,NONE,NONE,NONE,NONE,NONE,NONE,NONE,NONE,NONE,NONE,NONE,NONE,NONE,NONE,NONE,NONE,NONE,NONE,0 reviews,0.0,0.0
ASUS,RTX 2070,ASUS ROG-STRIX-RTX2070S-A8G-GAMING GeForce RTX 2070 SUPER DirectX 12 90YV0DI1-M0NA00 8GB 256-Bit GDDR6 PCI Express 3.0 HDCP Ready SLI Support Video Card,$943.75 –,,43.0,https://www.newegg.com/asus-geforce-rtx-2070-super-90yv0di1-m0na00/p/N82E16814126373?Description=rtx,NONE,OC mode: 1830 MHzGaming mode: 1800 MHz,ASUS,2560,"11.80"" x 5.13""",NVIDIA,Triple Fans,OC mode: 1635 MHzGaming mode: 1605 MHz,NONE,28-Sep-20,DirectX 12,2 x DisplayPort 1.4,NONE,NONE,14000 MHz,"RT Cores: Dedicated ray tracing hardware enables fast real-time ray tracing of objects and environments with physically accurate shadows, reflections, refractions, and global illumination.Concurrent Floating Point and Integer Processing: Turing GPUs more efficiently process the compute heavy workloads of modern games.Ultra-fast GDDR6: Experience up to 496 GB/s of memory bandwidth for high-speed, high-resolution gaming.Axial-tech fan design features a smaller fan hub that facilitates longer blades and a barrier ring that increases downward air pressure.0dB Technology lets you enjoy light gaming in relative silence.2.7-slot Design expands cooling surface area to make the most of the three powerful Axial-tech fans.Dual BIOS switch lets you toggle between Quiet and Performance BIOS profiles sans software.Auto-Extreme Technology uses automation to enhance reliability.Super Alloy Power II includes premium alloy chokes, solid polymer capacitors, and an array of high-current power stages.MaxContact Technology allows 2X more contact with the GPU chip for improved thermal transfer.A reinforced frame prevents excessive torsion and lateral bending of the PCB.GPU Tweak II provides intuitive performance tweaking, thermal controls, and system monitoring.Aura Sync compatibility lets you customize and sync lighting effects with other compatible hardware.ASUS FanConnect II equips 2 hybrid-controlled fan headers for optimal system cooling.",NONE,GeForce RTX 2070 SUPER,NONE,2.2,2 x HDMI 2.0b,PCI Express 3.0,300 mm,7680 x 4320,256-Bit,8GB,GDDR6,90YV0DI1-M0NA00,4,OpenGL 4.6,NONE,NONE,1 x USB Type-C,Accessories:1 x Quick Guide1 x ROG Velcro Hook & Loop,2 x 8-Pin,SLI Ready,ROG-STRIX-RTX2070S-A8G-GAMING,2.7 slot,Recommended PSU: 650W,215W,Yes,0 reviews,299.72,130.30200000000002
ASUS,RTX 2070,ASUS ROG Strix GeForce RTX 2070 SUPER OC 8GB GDDR6 Triple Fans Edition Overclocked Gaming Graphics Card(ROG-STRIX-RTX2070S-O8G-GAMING),$840.97 (2 Offers)–,,99.99,https://www.newegg.com/asus-rog-strix-rtx2070s-o8g-gaming/p/1FT-000Y-004V6?Description=rtx,NONE,NONE,ASUS,NONE,NONE,NONE,NONE,NONE,NONE,20-Oct-20,NONE,NONE,NONE,NONE,NONE,NONE,NONE,NONE,NONE,NONE,NONE,NONE,NONE,NONE,NONE,NONE,NONE,ROG-STRIX-RTX2070S-O8G-GAMING,NONE,NONE,NONE,NONE,NONE,NONE,NONE,NONE,NONE,NONE,NONE,NONE,NONE,883 (79% Positive),0.0,0.0
ASUS,RTX 2070,ASUS ROG Strix GeForce RTX 2070 DirectX 12 ROG-STRIX-RTX2070-A8G-GAMING 8GB 256-Bit GDDR6 PCI Express 3.0 HDCP Ready Video Card,$599.99 –,5.0,75.0,https://www.newegg.com/asus-geforce-rtx-2070-rog-strix-rtx2070-a8g-gaming/p/N82E16814126275?Description=rtx,NONE,OC Mode: 1680 MHz Gaming Mode (Default): 1650 MHz,ASUS,2304,"11.83"" x 5.14""",NVIDIA,Triple Fans,1410 MHz,NONE,7-Oct-20,DirectX 12,2 x DisplayPort 1.4,NONE,NONE,14000 MHz,"""NVIDIA TURING: ROG GeForce RTX graphics cards are powered by the Turing GPU architecture and the all-new RTX platform. This gives you up to 6X the performance of previous-generation graphics cards and brings the power of real-time ray tracing and AI to games.DirectX 12: Power new visual effects and rendering techniques for more lifelike gaming.NVIDIA ShadowplayRecord and share high-quality gameplay videos, screenshots, and livestreams with your friends.Unique Wing-blade Fans deliver high air pressure, reduced noise levels, IP5X certified dust resistance, and 0dB mode for silent gaming.MaxContact Technology allows 2X more contact with the GPU chip for improved thermal transfer.Auto-Extreme Technology uses automation to enhance reliability.Super Alloy Power II includes premium alloy chokes, solid polymer capacitors, and an array of high-current power stages to fuel Turings cores.ASUS FanConnect II equips 2 hybrid-controlled fan headers for optimal system cooling.GPU Tweak II provides intuitive performance tweaking and thermal controls.""",NONE,GeForce RTX 2070,NVIDIA GeForce RTX 20 Series,2.2,2 x HDMI 2.0b,PCI Express 3.0,300 mm,7680 x 4320,256-Bit,8GB,GDDR6,ROG-STRIX-RTX2070-A8G-GAMING,4,OpenGL 4.5,NONE,NONE,1 x USB Type-C,Accessories:1 x CD1 x Quick Guide1 x ROG Velcro Hook & Loop,"1 x 6-Pin, 1 x 8-Pin",No,ROG Strix,2.5-slot,Recommended PSU: 550W,185W,Yes,0 reviews,300.482,130.556
ASUS,RTX 2070,ASUS Turbo GeForce RTX 2070 DirectX 12 TURBO-RTX2070-8G 8GB 256-Bit GDDR6 PCI Express 3.0 HDCP Ready Video Card,$539.99 –,3.0,45.0,https://www.newegg.com/asus-geforce-rtx-2070-turbo-rtx2070-8g/p/N82E16814126273?Description=rtx,NONE,OC Mode: 1650 MHz Gaming Mode (Default): 1620 MHz,ASUS,2304,"10.54"" x 4.45""",NVIDIA,Single Fan,1410 MHz,NONE,7-Oct-20,DirectX 12,2 x DisplayPort 1.4,NONE,NONE,14000 MHz,"NVIDIA TURING: ASUS GeForce RTX graphics cards are powered by the Turing GPU architecture and the all-new RTX platform. This gives you up to 6X the performance of previous-generation graphics cards and brings the power of real-time ray tracing and AI to games.DirectX 12: Power new visual effects and rendering techniques for more lifelike gaming.NVIDIA Shadowplay Record and share high-quality gameplay videos, screenshots, and livestreams with your friends.Redesigned Shroud improves cooling in chassis with limited airflow.Dual-ball Bearing Fan with IP5X Dust Resistance is a larger, quieter, and dust resistant fan that shifts more air.144-Hour Validation Program puts cards through a series of stringent tests to ensure reliability.GPU Tweak II provides intuitive performance tweaking and thermal controls.",NONE,GeForce RTX 2070,NVIDIA GeForce RTX 20 Series,2.2,1 x HDMI 2.0b,PCI Express 3.0,268 mm,7680 x 4320,256-Bit,8GB,GDDR6,TURBO-RTX2070-8G,4,OpenGL 4.5,NONE,NONE,1 x USB Type-C,NONE,"1 x 6-Pin, 1 x 8-Pin",No,Turbo,Dual Slot,Recommended PSU: 550W,185W,Yes,0 reviews,267.716,113.03
ASUS,RTX 2070,ASUS Dual GeForce RTX 2070 DirectX 12 DUAL-RTX2070-A8G 8GB 256-Bit GDDR6 PCI Express 3.0 HDCP Ready Video Card,$569.99 –,3.0,75.0,https://www.newegg.com/asus-geforce-rtx-2070-dual-rtx2070-a8g/p/N82E16814126272?Description=rtx,NONE,OC Mode: 1665 MHz Gaming Mode (Default): 1635 MHz,ASUS,2304,"10.53"" x 4.47""",NVIDIA,Double Fans,1410 MHz,NONE,7-Oct-20,DirectX 12,3 x DisplayPort 1.4,NONE,NONE,14000 MHz,"NVIDIA TURING: ASUS GeForce RTX graphics cards are powered by the Turing GPU architecture and the all-new RTX platform. This gives you up to 6X the performance of previous-generation graphics cards and brings the power of real-time ray tracing and AI to games.DirectX 12: Power new visual effects and rendering techniques for more lifelike gaming.NVIDIA Shadowplay Record and share high-quality gameplay videos, screenshots, and livestreams with your friends.Unique Wing-blade Fans deliver high air pressure, reduced noise levels, IP5X certified dust resistance, and 0 dB mode for silent gaming.2.7-Slot Design to expand cooling surface area by more than 50% compared to last gen.Reinforced by a Protective Backplate that prevents PCB flex and trace damage.144-Hour Validation Program puts cards through a series of stringent tests to ensure reliability.GPU Tweak II provides intuitive performance tweaking and thermal controls.",NONE,GeForce RTX 2070,NVIDIA GeForce RTX 20 Series,2.2,1 x HDMI 2.0b,PCI Express 3.0,268 mm,7680 x 4320,256-Bit,8GB,GDDR6,DUAL-RTX2070-A8G,4,OpenGL 4.5,NONE,NONE,1 x USB Type-C,Accessories:1 x CD1 x Quick Guide,"1 x 6-Pin, 1 x 8-Pin",No,Dual,2.7-slot,Recommended PSU: 550W,185W,Yes,0 reviews,267.462,113.538
MSI,RTX 2070,MSI GeForce RTX 2070 DirectX 12 RTX 2070 Ventus 8G 8GB 256-Bit GDDR6 PCI Express 3.0 x16 HDCP Ready Video Card,$699.99 –,,135.0,https://www.newegg.com/msi-geforce-rtx-2070-rtx-2070-ventus-8g/p/1FT-0009-004P7?Description=rtx,NONE,1620 MHz,MSI,2304,"8.90"" x 5.04""",NVIDIA,Double Fans,1410 MHz,NONE,6-Jul-20,DirectX 12,3 x DisplayPort 1.4,NONE,NONE,14 Gbps,"TORX Fan 2.0Dispersion fan blade: Steep curved blade accelerating the airflow.Traditional fan blade: Provides steady airflow to massive heat sink below.Afterburner Overclocking UtilityWireless control through Android/iOS devices.Predator: In-game video recording.Kombustor: DirectX12 benchmark.Supports multi-GPU setups.NVIDIA G-SYNC and HDRGet smooth, tear-free gameplay at refresh rates up to 240 Hz, plus HDR, and more. This is the ultimate gaming display and the go-to equipment for enthusiast gamers.GeForce RTX VRBy combining advanced VR rendering, real-time ray tracing, and AI, GeForce RTX will take VR to a new level of realism.",ATX,GeForce RTX 2070,NVIDIA GeForce RTX 20 Series,Yes,1 x HDMI 2.0b,PCI Express 3.0 x16,226 mm,7680 x 4320,256-Bit,8GB,GDDR6,RTX 2070 Ventus 8G,4,OpenGL 4.5,NONE,VENTUS,NONE,NONE,8-Pin,NONE,NONE,Dual Slot,Recommended PSU: 550W,175W,Yes,0 reviews,226.06,128.016
EVGA,RTX 2070,"EVGA GeForce RTX 2070 SUPER XC GAMING, 08G-P4-3172-KR, 8GB GDDR6, Dual HDB Fans, RGB LED, Metal Backplate",$559.99 (1 Offers)–,4.0,,https://www.newegg.com/evga-geforce-rtx-2070-super-08g-p4-3172-kr/p/N82E16814487454?Description=rtx,NONE,1800 MHz,EVGA,2560,"10.62"" x 4.38""",NVIDIA,Double Fans,NONE,NONE,28-Jun-19,DirectX 12,3 x DisplayPort 1.4,NONE,NONE,14000 MHz,"NVIDIA AnselAdjustable RGB LEDAll-Metal Backplate, Pre-InstalledReal-Time Ray TracingNVIDIA GeForce ExperienceNVIDIA HighlightsNVIDIA G-SYNC CompatibleGame Ready DriversMicrosoft DirectX 12 API, Vulkan API, OpenGL 4.5NVIDIA GPU BoostBuilt for EVGA Precision X1Designed for USB Type-C and VirtualLink",NONE,GeForce RTX 2070 SUPER,NONE,2.2,1 x HDMI 2.0b,PCI Express 3.0,270 mm,7680 x 4320,256-Bit,8GB,GDDR6,08G-P4-3172-KR,4,OpenGL 4.5,"Windows 10 64-bit, Windows 7 64-bit",NONE,1 x USB Type-C VirtualLink,NONE,An available 6-pin PCIe power connector and an available 8-pin PCIe power connector,2-Way SLI,NONE,Dual Slot,"650W or greater power supply.PCI Express, PCI Express 2.0 or PCI Express 3.0 compliant motherboard with one graphics slot.",215W,Yes,-105,269.748,111.25200000000001
EVGA,RTX 2070,"EVGA GeForce RTX 2070 SUPER FTW3 ULTRA GAMING, 08G-P4-3277-KR, 8GB GDDR6, iCX2 Technology, RGB LED, Metal Backplate",$599.99 –,5.0,,https://www.newegg.com/evga-geforce-rtx-2070-super-08g-p4-3277-kr/p/N82E16814487452?Description=rtx,NONE,1815 MHz,EVGA,2560,"11.89"" x 5.39""",NVIDIA,Triple Fans,NONE,NONE,28-Jun-19,DirectX 12,3 x DisplayPort 1.4,NONE,NONE,14000 MHz,"NVIDIA AnselAdjustable RGB LEDAll-Metal Backplate, Pre-InstalledReal-Time Ray TracingNVIDIA GeForce ExperienceNVIDIA HighlightsNVIDIA G-SYNC CompatibleGame Ready DriversMicrosoft DirectX 12 API, Vulkan API, OpenGL 4.5NVIDIA GPU BoostBuilt for EVGA Precision X1Designed for USB Type-C and VirtualLinkEVGA iCX2 Technology",NONE,GeForce RTX 2070 SUPER,NONE,2.2,1 x HDMI 2.0b,PCI Express 3.0,302 mm,7680 x 4320,256-Bit,8GB,GDDR6,08G-P4-3277-KR,4,OpenGL 4.5,"Windows 10 64-bit, Windows 7 64-bit",NONE,1 x Type-C VirtualLink,NONE,Two available 8-pin or 6+2-pin PCIe power dongles,2-Way SLI,NONE,2.75 Slot,"650-Watt or greater power supplyPCI Express, PCI Express 2.0 or PCI Express 3.0 compliant motherboard with one graphics slot",215W,Yes,-51,302.006,136.906
GIGABYTE,RTX 2070,GIGABYTE GeForce RTX 2070 SUPER DirectX 12 GV-N207SWF3OC-8GD 8GB 256-Bit GDDR6 PCI Express 3.0 x16 SLI Support ATX Video Card,$452.99 –,2.0,,https://www.newegg.com/gigabyte-geforce-rtx-2070-super-gv-n207swf3oc-8gd/p/N82E16814932260?Description=rtx,NONE,NONE,GIGABYTE,2560,"11.26"" x 4.49""",NVIDIA,WINDFORCE 3X,1785 MHz,NONE,20-Feb-20,DirectX 12,3 x DisplayPort 1.4,NONE,NONE,14000 MHz,Powered by GeForce RTX 2070 SUPERIntegrated with 8GB GDDR6 256-bit memory interfaceWINDFORCE 3X Cooling System with alternate spinning fansExtreme Durability and OverclockingProtection Metal Back Plate,ATX,GeForce RTX 2070 SUPER,NONE,NONE,1 x HDMI 2.0b,PCI Express 3.0 x16,286 mm,7680 x 4320 @ 60 Hz,256-Bit,8GB,GDDR6,GV-N207SWF3OC-8GD,4,OpenGL 4.6,NONE,NONE,NONE,NONE,"1 x 8-Pin, 1 x 6-Pin",2-way NVIDIA NVLINK,NONE,2.5 slot,System PSU Limitation: 650W,235W,Yes,-3,286.004,114.046
EVGA,RTX 2070,"EVGA GeForce RTX 2070 SUPER XC ULTRA GAMING, 08G-P4-3173-KR, 8GB GDDR6, Dual HDB Fans, RGB LED, Metal Backplate",$569.99 (1 Offers)–,4.0,6.99,https://www.newegg.com/evga-geforce-rtx-2070-super-08g-p4-3173-kr/p/N82E16814487453?Description=rtx,NONE,,EVGA,2560,"10.62"" x 4.38""",NVIDIA,Double Fans,NONE,NONE,15-Jul-19,DirectX 12,3 x DisplayPort 1.4,NONE,None,14000 MHz,"NVIDIA AnselAdjustable RGB LEDAll-Metal Backplate, Pre-InstalledReal-Time Ray TracingNVIDIA GeForce ExperienceNVIDIA HighlightsNVIDIA G-SYNC CompatibleGame Ready DriversMicrosoft DirectX 12 API, Vulkan API, OpenGL 4.5NVIDIA GPU BoostBuilt for EVGA Precision X1Designed for USB Type-C and VirtualLink",NONE,GeForce RTX 2070 SUPER,NONE,2.2,1 x HDMI 2.0b,PCI Express 3.0,270 mm,7680 x 4320,256-Bit,8GB,GDDR6,08G-P4-3173-KR,4,OpenGL 4.5,"Windows 10 64-bit, Windows 7 64-bit",NONE,1 x USB Type-C VirtualLink,NONE,An available 6-pin PCIe power connector and an available 8 pin PCIe power connector,2-Way SLI,NONE,2.75 Slot,"650W or greater power supply.PCI Express, PCI Express 2.0 or PCI Express 3.0 compliant motherboard with one graphics slot.",215W,Yes,"16,363 (88% Positive)",269.748,111.25200000000001
EVGA,RTX 2070,"EVGA GeForce RTX 2070 SUPER BLACK GAMING, 08G-P4-3071-KR, 8GB GDDR6",$628.92 –,,,https://www.newegg.com/evga-08g-p4-3071-kr/p/1FT-001K-006X0?Description=rtx,NONE,1770 MHz,EVGA,2560,"10.62"" x 4.38""",NVIDIA,Double Fans,NONE,NONE,25-Jul-20,DirectX 12,3 x DisplayPort 1.4,NONE,NONE,14000 MHz,"NVIDIA Ansel  Real-Time Ray Tracing  NVIDIA GeForce Experience  NVIDIA Highlights  NVIDIA G-SYNC Compatible  Game Ready Drivers  Microsoft DirectX 12 API, Vulkan API, OpenGL 4.5  NVIDIA GPU Boost  Built for EVGA Precision X1  Designed for USB Type-C and VirtualLink",NONE,NONE,GeForce RTX 2070 SUPER,2.2,1 x HDMI 2.0b,PCI Express 3.0,270 mm,7680 x 4320,256-Bit,8GB,GDDR6,08G-P4-3071-KR,4,OpenGL 4.5,"Windows 10 64-bit, Windows 7 64-bit",NONE,1 x USB Type-C VirtualLink,NONE,An available 6-pin PCIe power connector and an available 8-pin PCIe power connector,2-Way SLI,NONE,Dual Slot,"650W or greater power supply. PCI Express, PCI Express 2.0 or PCI Express 3.0 compliant motherboard with one graphics slot.",215W,Yes,0 reviews,269.748,111.25200000000001
GIGABYTE,RTX 2070,Gigabyte GeForce RTX 2070 Super Gaming OC 3X RGB 82 mm Triple Fan Graphics Card - 8 GB,$664.72 –,,,https://www.newegg.com/p/1FT-000A-001B5?Description=rtx,NONE,NONE,NONE,NONE,NONE,NONE,NONE,NONE,NONE,28-Oct-20,NONE,NONE,NONE,NONE,NONE,NONE,NONE,NONE,NONE,NONE,NONE,NONE,NONE,NONE,NONE,NONE,NONE,NONE,NONE,NONE,NONE,NONE,NONE,NONE,NONE,NONE,NONE,NONE,NONE,NONE,NONE,"1,107 (92% Positive)",0.0,0.0
ASUS,RTX 2070,ASUS Dual GeForce RTX 2070 DirectX 12 DUAL-RTX2070-O8G-EVO-V2 8GB 256-Bit GDDR6 PCI Express 3.0 HDCP Ready Video Card,,,,https://www.newegg.com/p/1FT-000Y-004Y6?Description=rtx,NONE,NONE,NONE,NONE,NONE,NONE,NONE,NONE,NONE,25-Oct-20,NONE,NONE,NONE,NONE,NONE,NONE,NONE,NONE,NONE,NONE,NONE,NONE,NONE,NONE,NONE,NONE,NONE,NONE,NONE,NONE,NONE,NONE,NONE,NONE,NONE,NONE,NONE,NONE,NONE,NONE,NONE,0 reviews,0.0,0.0
EVGA,RTX 2070,"EVGA GeForce RTX 2070 SUPER XC GAMING, 08G-P4-3172-KR, 8GB GDDR6, Dual HDB Fans, RGB LED, Metal Backplate","$1,199.99 –",,,https://www.newegg.com/evga-geforce-rtx-2070-super-08g-p4-3172-kr/p/1FT-001K-006X2?Description=rtx,NONE,1800 MHz,EVGA,2560,"10.62"" x 4.38""",NVIDIA,Double Fans,NONE,NONE,8-Oct-19,DirectX 12,3 x DisplayPort 1.4,NONE,NONE,14000 MHz,"NVIDIA Ansel  Adjustable RGB LED  All-Metal Backplate, Pre-Installed  Real-Time Ray Tracing  NVIDIA GeForce Experience  NVIDIA Highlights  NVIDIA G-SYNC Compatible  Game Ready Drivers  Microsoft DirectX 12 API, Vulkan API, OpenGL 4.5  NVIDIA GPU Boost  Built for EVGA Precision X1  Designed for USB Type-C and VirtualLink",NONE,GeForce RTX 2070 SUPER,NONE,2.2,1 x HDMI 2.0b,PCI Express 3.0,270 mm,7680 x 4320,256-Bit,8GB,GDDR6,08G-P4-3172-KR,4,OpenGL 4.5,"Windows 10 64-bit, Windows 7 64-bit",NONE,1 x USB Type-C VirtualLink,NONE,An available 6-pin PCIe power connector and an available 8-pin PCIe power connector,2-Way SLI,NONE,Dual Slot,"650W or greater power supply. PCI Express, PCI Express 2.0 or PCI Express 3.0 compliant motherboard with one graphics slot.",215W,Yes,0 reviews,269.748,111.25200000000001
EVGA,RTX 2070,"EVGA GeForce RTX 2070 SUPER FTW3 ULTRA+ Video Card, OVERCLOCKED, 2.75 Slot Extreme Cool Triple + iCX2, 65C Gaming, RGB, Metal Backplate, 08G-P4-3377-KR, 8GB 15.5 GHz GDDR6",$599.99 –,5.0,,https://www.newegg.com/evga-geforce-rtx-2070-super-08g-p4-3377-kr/p/N82E16814487476?Description=rtx,NONE,1815 MHz,EVGA,2560,"11.89"" x 5.39""",NVIDIA,Triple Fans,NONE,NONE,26-Oct-20,DirectX 12,3 x DisplayPort 1.4,NONE,NONE,15500 MHz,NONE,NONE,GeForce RTX 2070 SUPER,NONE,2.2,1 x HDMI 2.0b,PCI Express 3.0,302 mm,7680 x 4320,256-Bit,8GB,GDDR6,08G-P4-3377-KR,4,OpenGL 4.5,"Windows 10 (64-bit), Windows 7 (64-bit)",NONE,1 x USB Type-C VirtualLink,NONE,NONE,SLI Ready,NONE,2.75-Slot,"650-Watt or greater power supply.PCI Express, PCI Express 2.0 or PCI Express 3.0 compliant motherboard with one graphics slot.Two available 8-pin or 6+2-pin PCIe power dongles.",235W,Yes,0 reviews,302.006,136.906
