Boost Clock ,Brand ,CUDA Cores ,Card Dimensions (L x H) ,Chipset Manufacturer ,Cooler ,Core Clock ,DVI ,Date First Available ,DirectX ,DisplayPort ,Dual-Link DVI Supported ,Edition ,Effective Memory Clock ,Features ,Form Factor ,GPU ,GPU Series ,HDCP Ready ,HDMI ,Interface ,Max GPU Length ,Max Resolution ,Memory Interface ,Memory Size ,Memory Type ,Model ,Multi-Monitor Support ,OpenGL ,Operating Systems Supported ,Option ,Other Ports ,Package Contents ,Power Connector ,RAMDAC ,SLI Support ,Series ,Slot Width ,System Requirements ,Thermal Design Power ,Virtual Reality Ready ,review_numbers
['1755 MHz'],['EVGA'],['1920'],"['7.96"" x 4.38""']",['NVIDIA'],['Double Fans'],,['1 x Dual-Link DVI-D'],"['May 26, 2020']",['DirectX 12'],['1 x DisplayPort 1.4'],['Yes'],,['14000 MHz'],,,['GeForce RTX 2060'],['NVIDIA GeForce RTX 20 Series'],['2.2'],['1 x HDMI 2.0b'],['PCI Express 3.0'],['202 mm'],['7680 x 4320'],['192-Bit'],['6GB'],['GDDR6'],['06G-P4-2068-KR'],['3'],['OpenGL 4.5'],"['Windows 10 64-bit, Windows 7 64-bit']",,,,['One available 8-pin PCIe power dongle'],,['No'],,['Dual Slot'],"['500-Watt or greater power supplyPCI Express, PCI Express 2.0 or PCI Express 3.0 compliant motherboard with one graphics slot']",['190W'],['Yes'],"7,725 (87% Positive)"
['1695 MHz'],['EVGA'],['2176'],"['10.62"" x 4.38""']",['NVIDIA'],['Double Fans'],,,"['July 17, 2020']",['DirectX 12'],['3 x DisplayPort 1.4'],,,['14000 MHz'],"['NVIDIA AnselAdjustable RGB LEDAll-Metal Backplate, Pre-InstalledReal-Time Ray TracingNVIDIA GeForce ExperienceNVIDIA HighlightsNVIDIA G-SYNC CompatibleGame Ready DriversMicrosoft DirectX 12 API, Vulkan API, OpenGL 4.5NVIDIA GPU BoostBuilt for EVGA Precision X1Designed for USB Type-C and VirtualLink']",,['GeForce RTX 2060 SUPER'],,['2.2'],['1 x HDMI 2.0b'],['PCI Express 3.0'],['270 mm'],['7680 x 4320'],['256-Bit'],['8GB'],['GDDR6'],['08G-P4-3162-KR'],['4'],['OpenGL 4.5'],"['Windows 10 (64-bit), Windows 7 (64-bit)']",,['1 x USB Type-C VirtualLink'],,['An available 6-pin PCIe power connector and an available 8-pin PCIe power connector'],,['No'],,['Dual Slot'],"['550W or greater power supply.PCI Express, PCI Express 2.0 or PCI Express 3.0 compliant motherboard with one graphics slot.']",['175W'],['Yes'],(6)
['1755 MHz'],['EVGA'],['1920'],"['10.55"" x 4.38""']",['NVIDIA'],['Double Fans'],,['1 x Dual-Link DVI-D'],"['March 25, 2019']",['DirectX 12'],['1 x DisplayPort 1.4'],['Yes'],,['14000 MHz'],"['NVIDIA AnselHDMI 2.0b, DisplayPort 1.4 and Dual-Link DVIReal-Time Ray TracingNVIDIA GeForce ExperienceNVIDIA HighlightsNVIDIA G-SYNC CompatibleGame Ready DriversHDCP 2.2NVIDIA GPU BoostBuilt for EVGA Precision X1Microsoft DirectX 12 Ultimate, Vulkan, OpenGL 4.6Supports NVIDIA NVENC Turing Encoder']",,['GeForce RTX 2060'],['NVIDIA GeForce RTX 20 Series'],['2.2'],['1 x HDMI 2.0b'],['PCI Express 3.0'],['268 mm'],['7680 x 4320'],['192-Bit'],['6GB'],['GDDR6'],['06G-P4-2067-KR'],['3'],['OpenGL 4.6'],"['Windows 10 64-bit, Windows 7 64-bit']",,,,['One available 8-pin PCIe power dongle'],,,,['Dual Slot'],"['500-Watt or greater power supplyPCI Express, PCI Express 2.0 or PCI Express 3.0 compliant motherboard with one graphics slot']",['160W'],['Yes'],"1,689 (78% Positive)"
['OC Mode: 1710 MHz Gaming Mode: 1680 MHz'],['ASUS'],['1920'],"['7.00"" x 4.76""']",['NVIDIA'],['Single Fan'],['Gaming Mode: 1365 MHz'],['1 x DL-DVI-D'],"['January 04, 2019']",['DirectX 12'],['1 x DisplayPort 1.4'],['Yes'],,['14000 MHz'],"['NVIDIA TURING: ASUS GeForce RTX graphics cards are powered by the Turing GPU architecture and the all-new RTX platform. This provides up to 6X the performance of previous-generation graphics cards and brings the power of real-time ray tracing and AI to games.DirectX 12: Power new visual effects and rendering techniques for more lifelike gaming.NVIDIA Shadowplay Record and share high-quality gameplay videos, screenshots, and livestreams with your friends.Dual-ball bearing fan with IP5X dust resistance is a larger, quieter, and dust resistant fan that shifts more air.Auto-Extreme Technology uses automation to enhance reliability.GPU Tweak II provides intuitive performance tweaking and thermal controls.']",,['GeForce RTX 2060'],['NVIDIA GeForce RTX 20 Series'],['2.2'],['2 x HDMI 2.0b'],['PCI Express 3.0'],['177 mm'],['7680 x 4320'],['192-Bit'],['6GB'],['GDDR6'],['PH-RTX2060-6G'],['4'],['OpenGL 4.5'],,,,['Accessories:1 x CD1 x Quick Guide'],['8-Pin'],,['No'],['Phoenix'],['Dual Slot'],['Recommended PSU: 500W'],['160W'],['Yes'],132 (93% Positive)
['OC Mode: 1725 MHz Gaming Mode (Default): 1695 MHz'],['ASUS'],['2176'],"['9.50"" x 5.10""']",['NVIDIA'],['Double Fans'],['1470 MHz'],['1 x DL-DVI-D'],"['October 28, 2020']",,['1 x DisplayPort 1.4'],['Yes'],,['14000 MHz'],"['OC Edition: Boost Clock 1725 MHz (OC Mode) / 1695 MHz (Gaming Mode).RT Cores: Dedicated ray tracing hardware enables fast real-time ray tracing of objects and environments with physically accurate shadows, reflections, refractions, and global illumination.Concurrent Floating Point and Integer Processing: Turing GPUs more efficiently process the compute heavy workloads of modern games.Ultra-fast GDDR6: Experience up to 496 GB/s of memory bandwidth for high-speed, high-resolution gaming.Axial-tech fan design features a smaller fan hub that facilitates longer blades and a barrier ring that increases downward air pressure.0dB Technology lets you enjoy light gaming in relative silence.DirectCU II brings copper heatpipes into direct contact with the die for better cooling.Auto-Extreme Technology uses automation to enhance reliability.A Protective backplate secures components during transportation and installation.144-hour Validation Program puts cards through a series of stringent tests to ensure compatibility with the latest games.']",['ATX'],['GeForce RTX 2060 SUPER'],,['2.2'],['2 x HDMI 2.0b'],['PCI Express 3.0 x16'],['242 mm'],['7680 x 4320'],['256-Bit'],['8GB'],['GDDR6'],['DUAL-RTX2060S-O8G-EVO-V2'],['4'],['OpenGL 4.6'],,,,['Accessories:1 x Quick Guide'],['8-Pin'],,['No'],['Dual'],['2.5 Slot'],['550W Power Supply'],['215W'],['Yes'],883 (79% Positive)
['1830 MHz'],['MSI'],['1920'],"['9.72"" x 5.08""']",['NVIDIA'],['Double Fans'],,,"['January 04, 2019']",['DirectX 12'],['3 x DisplayPort 1.4'],,,['14 Gbps'],"['Twin Frozr 7 Thermal Design:TORX Fan 3.0- Dispersion fan blade: Steep curved blade accelerating the airflow.- Traditional fan blade: Provides steady airflow to massive heat sink below.Mastery of Aerodynamics: The heatsink is optimized for efficient heat dissipation, keeping your temperatures low and performance high.Zero Frozr technology: Stopping the fan in low-load situations, keeping a noise-free environment.RGB Mystic Light:Customize colors and LED effects with exclusive MSI software and synchronize the look & feel with other components.Dragon Center:1 click to optimize all you need for smooth gaming.']",,['GeForce RTX 2060'],['NVIDIA GeForce RTX 20 Series'],['2.2'],['1 x HDMI 2.0b'],['PCI Express 3.0 x16'],['247 mm'],['7680 x 4320'],['192-Bit'],['6GB'],['GDDR6'],['RTX 2060 GAMING Z 6G'],['4'],['OpenGL 4.5'],,,,,['8-Pin'],,['No'],,,['Recommended PSU: 500W'],['190W'],['Yes'],400 (90% Positive)
,['GIGABYTE'],['2176'],"['11.04"" x 4.58""']",['NVIDIA'],['WINDFORCE 3X'],['1815 MHz'],,"['October 28, 2020']",['DirectX 12'],['3 x DisplayPort 1.4'],,,['14000 MHz'],['Powered by GeForce RTX 2060 SUPERIntegrated with 8GB GDDR6 256-bit memory interfaceWINDFORCE 3X Cooling System with alternate spinning fans4 Copper Heat Pipes direct touch GPURGB Fusion 2.0 - synchronize with other AORUS devicesMetal Back Plate'],['ATX'],['GeForce RTX 2060 SUPER'],,,['1 x HDMI 2.0b'],['PCI Express 3.0 x16'],['280 mm'],['7680 x 4320 @ 60 Hz'],['256-Bit'],['8GB'],['GDDR6'],['GV-N206SGAMING OC-8GC'],['4'],['OpenGL 4.5'],,,['1 x USB Type-C (support VirtualLink)'],['Accessories:Quick guideDriver CD'],"['1 x 6-pin, 1 x 8-pin']",,['No'],,['Dual Slot'],['System PSU Limitation: 550W'],['175W'],['Yes'],883 (79% Positive)
['1665 MHz'],['MSI'],['2176'],"['9.13"" x 5.00""']",['NVIDIA'],['Double Fans'],,,"['October 28, 2020']",['DirectX 12'],['3 x DisplayPort 1.4'],,,['14 Gpbs'],"['TORX Fan 2.0Dispersion fan blade: Steep curved blade accelerating the airflow.Traditional fan blade: Provides steady airflow to massive heat sink below.Afterburner Overclocking UtilityOC Scanner: An automated function finds the highest stable overclock settings.Kombustor: The latest DirectX versions benchmark supporting.Predator: In-game video recording.NVIDIA G-SYNC and HDRGet smooth, tear-free gameplay at refresh rates up to 240 Hz, plus HDR, and more. This is the ultimate gaming display and the go-to equipment for enthusiast gamers.GeForce RTX VRBy combining advanced VR rendering, real-time ray tracing, and AI, GeForce RTX will take VR to a new level of realism.']",,['GeForce RTX 2060 SUPER'],,['2.2'],['1 x HDMI 2.0b'],['PCI Express 3.0 x16'],['232 mm'],['7680 x 4320'],['256-Bit'],['8GB'],['GDDR6'],['RTX 2060 SUPER VENTUS GP OC'],['4'],['OpenGL 4.5'],,,,,['8-Pin'],,['No'],,,['Recommended PSU: 550W'],['184W'],['Yes'],883 (79% Positive)
['OC Mode: 1785 MHzGaming Mode (Default): 1755 MHz'],['ASUS'],['1920'],"['9.53"" x 5.12""']",['NVIDIA'],['Double Fans'],['OC Mode: 1395 MHzGaming Mode (Default): 1365 MHz'],['1 x DVI-D'],"['October 18, 2019']",['DirectX 12'],['1 x DisplayPort 1.4'],,,['14000 MHz'],"['NVIDIA TURING GPU architecture and the all-new RTX platform provides up to 6X the performance of previous-generation graphics cards and brings the power of real-time ray tracing and AI to games.DirectX 12 enables new visual effects and rendering techniques for more lifelike gaming.NVIDIA Shadowplay Record and share high-quality gameplay videos, screenshots, and livestreams with your friends.Axial-tech Fan Design brings larger blades and a unique barrier ring to increase air pressure.Auto-Extreme Technology uses automation to enhance reliability.Super Alloy Power II includes premium alloy chokes, solid polymer capacitors, and an array of high-current power stages.Reinforced by a Protective Backplate that prevents PCB flex and trace damage.GPU Tweak II provides intuitive performance tweaking and thermal controls.144-Hour Validation Program puts cards through a series of stringent tests to ensure compatibility with the latest games.']",,['GeForce RTX 2060'],['NVIDIA GeForce RTX 20 Series'],['2.2'],['2 x HDMI 2.0b'],['PCI Express 3.0 x16'],['242 mm'],['7680 x 4320'],['192-Bit'],['6GB'],['GDDR6'],['DUAL-RTX2060-O6G-EVO'],['4'],['OpenGL 4.5'],,,,['Accessories:1 x CD1 x Quick Guide'],['1 x 8-pin'],,['No'],['Dual'],['2.5-slot'],['Recommended PSU: 500W'],['190W'],['Yes'],36 (64% Positive)
['OC Mode: 1860 MHzGaming Mode: 1830 MHz'],['ASUS'],['1920'],"['11.81"" x 5.20""']",['NVIDIA'],['Triple Fans'],['1365 MHz'],,"['September 03, 2020']",['DirectX 12'],['2 x DisplayPort 1.4'],,,['14000 MHz'],"[""NVIDIA TURING: ROG GeForce RTX graphics cards are powered by the Turing GPU architecture and the all-new RTX platform. This gives you up to 6X the performance of previous-generation graphics cards and brings the power of real-time ray tracing and AI to games.DirectX 12: Power new visual effects and rendering techniques for more lifelike gaming.NVIDIA Shadowplay Record and share high-quality gameplay videos, screenshots, and livestreams with your friends.Unique Wing-blade Fans deliver high air pressure, reduced noise levels, IP5X certified dust resistance, and 0dB mode for silent gaming.MaxContact Technology allows 2X more contact with the GPU chip for improved thermal transfer.Auto-Extreme Technology uses automation to enhance reliability.Super Alloy Power II includes premium alloy chokes, solid polymer capacitors, and an array of high-current power stages to fuel Turing's cores.ASUS FanConnect II equips 2 hybrid-controlled fan headers for optimal system cooling.GPU Tweak II provides intuitive performance tweaking and thermal controls.""]",,['GeForce RTX 2060'],['NVIDIA GeForce RTX 20 Series'],['2.2'],['2 x HDMI 2.0b'],['PCI Express 3.0'],['300 mm'],['7680 x 4320'],['192-Bit'],['6GB'],['GDDR6'],['ROG-STRIX-RTX2060-O6G-GAMING'],['4'],['OpenGL 4.5'],,,,['Accessories:1 x ROG Velcro Hook & Loop1 x CD1 x Quick Guide'],"['1 x 6-pin, 1 x 8-pin']",,['No'],['ROG STRIX'],['2.5-slot'],['Recommended PSU: 500W'],['160W'],['Yes'],(37)
['1695 MHz'],['MSI'],['2176'],"['9.76"" x 5.04""']",['NVIDIA'],['Double Fans'],,,"['November 27, 2019']",['DirectX 12'],['3 x DisplayPort 1.4'],,,['14 Gpbs'],"['Twin Frozr 7 Thermal DesignTORX Fan 3.0- Dispersion fan blade: Steep curved blade accelerating the airflow.- Traditional fan blade: Provides steady airflow to massive heat sink below.Mastery of Aerodynamics: The heatsink is optimized for efficient heat dissipation, keeping your temperatures low and performance high.Zero Frozr technology: Stopping the fan in low-load situations, keeping a noise-free environment.Dragon CenterA consolidated platform that offers all software including MYSTIC LIGHT functionality for your MSI Gaming product.']",,['GeForce RTX 2060 SUPER'],,['2.2'],['1 x HDMI 2.0b'],['PCI Express 3.0 x16'],['248 mm'],['7680 x 4320'],['256-Bit'],['8GB'],['GDDR6'],['RTX 2060 SUPER GAMING X'],['4'],['OpenGL 4.5'],,,,,['8-Pin'],,['No'],,,['Recommended PSU: 550W'],['175W'],['Yes'],88 (80% Positive)
['1680 MHz'],['EVGA'],['1920'],"['7.48"" x 4.38""']",['NVIDIA'],['Single Fan'],,['1 x Dual-Link DVI-D'],"['January 16, 2019']",['DirectX 12'],['1 x DisplayPort 1.4'],['Yes'],,['14000 MHz'],"['NVIDIA AnselReal-Time Ray TracingNVIDIA GeForce ExperienceNVIDIA HighlightsNVIDIA G-SYNC CompatibleGame Ready DriversMicrosoft DirectX 12 API, Vulkan API, OpenGL 4.5NVIDIA GPU BoostBuilt for EVGA Precision X1']",,['GeForce RTX 2060'],['NVIDIA GeForce RTX 20 Series'],['2.2'],['1 x HDMI 2.0b'],['PCI Express 3.0'],['190 mm'],['7680 x 4320'],['192-Bit'],['6GB'],['GDDR6'],['06G-P4-2061-KR'],['3'],['OpenGL 4.5'],"['Windows 10 (64-bit), Windows 7 (64-bit)']",,,,['8-Pin'],,['No'],,['2.75 slot'],"['500W or greater power supply.PCI Express, PCI Express 2.0 or PCI Express 3.0 compliant motherboard with one graphics slot.']",['160W'],['Yes'],"2,347 (73% Positive)"
['1755 MHz'],['EVGA'],['1920'],"['10.55"" x 4.38""']",['NVIDIA'],['Double Fans'],,['1 x Dual-Link DVI-D'],"['August 18, 2019']",['DirectX 12'],['1 x DisplayPort 1.4'],['Yes'],,['14000 MHz'],"['Real-Time Ray Tracing  NVIDIA GeForce Experience  NVIDIA Ansel  NVIDIA Highlights  NVIDIA G-SYNC Compatible  Game Ready Drivers  Microsoft DirectX 12 API, Vulkan API, OpenGL 4.5  Built for EVGA Precision X1  NVIDIA GPU Boost']",,['GeForce RTX 2060'],['NVIDIA GeForce RTX 20 Series'],['2.2'],['1 x HDMI 2.0b'],['PCI Express 3.0'],['268 mm'],['7680 x 4320'],['192-Bit'],['6GB'],['GDDR6'],['06G-P4-2067-KR'],['3'],['OpenGL 4.5'],"['Windows 10 64-bit, Windows 7 64-bit']",,,,['One available 8-pin PCIe power dongle'],,,,['Dual Slot'],"['500-Watt or greater power supply PCI Express, PCI Express 2.0 or PCI Express 3.0 compliant motherboard with one graphics slot']",['190W'],['Yes'],486 (90% Positive)
,['GIGABYTE'],['1920'],"['8.88"" x 4.80""']",['NVIDIA'],['WINDFORCE 2X'],['1755 MHz'],,"['August 23, 2019']",['DirectX 12'],['3 x DisplayPort 1.4'],,,['14000 MHz'],['Powered by GeForce RTX 2060Integrated with 6GB GDDR6 192-bit memory interfaceWINDFORCE 2X Cooling System with alternate spinning fans90mm unique blade fansProtection back plate'],['ATX'],['GeForce RTX 2060'],['NVIDIA GeForce RTX 20 Series'],,['1 x HDMI 2.0b'],['PCI Express 3.0 x16'],['226 mm'],['7680 x 4320 @ 60 Hz'],['192-Bit'],['6GB'],['GDDR6'],['GV-N2060OC-6GD ver 2.0'],['4'],['OpenGL 4.6'],,,,['Accessories:Quick guideDriver CD'],['8-Pin'],,['No'],,['Dual Slot'],['System PSU Limitation (W): 500'],['160W'],['Yes'],36 (64% Positive)
,['GIGABYTE'],['2176'],"['11.42"" x 5.29""']",['NVIDIA'],['WINDFORCE STACK'],['1845 MHz'],,"['October 28, 2020']",['DirectX 12'],['3 x DisplayPort 1.4'],,,['14000 MHz'],['Powered by GeForce RTX 2060 SUPERIntegrated with 8GB GDDR6 256-bit memory interfaceWINDFORCE Stack 3 X 100mm Fan Cooling SystemRGB light reinvented7 Video OutputsMetal Back PlateBuilt for Extreme Overclocking 10+2 Power Phases'],['ATX'],['GeForce RTX 2060 SUPER'],,,['3 x HDMI 2.0b'],['PCI Express 3.0 x16'],['290 mm'],['7680 x 4320 @ 60 Hz'],['256-Bit'],['8GB'],['GDDR6'],['GV-N206SAORUS-8GC'],['4'],['OpenGL 4.5'],,,['1 x USB Type-C (support VirtualLink)'],,"['1 x 6-pin, 1 x 8-pin']",,['No'],['AORUS'],['Triple Slot'],['System PSU Limitation: 550W'],['175W'],['Yes'],247 (72% Positive)
,['GIGABYTE'],['1920'],"['11.04"" x 4.58""']",['NVIDIA'],['WINDFORCE 3X'],['1830 MHz'],,"['October 28, 2020']",['DirectX 12'],['3 x DisplayPort 1.4'],,,['14000 MHz'],['Powered by GeForce RTX 2060Integrated with 6GB GDDR6 192-bit memory interfaceWINDFORCE 3X Cooling System with alternate spinning fansRGB Fusion 2.0 - synchronize with other AORUS devicesMetal Back Plate'],['ATX'],['GeForce RTX 2060'],['NVIDIA GeForce RTX 20 Series'],,['1 x HDMI 2.0b'],['PCI Express 3.0 x16'],['280 mm'],['7680 x 4320 @ 60 Hz'],['192-Bit'],['6GB'],['GDDR6'],['GV-N2060GAMINGOC PRO-6GD'],['4'],['OpenGL 4.5'],,,,['Accessories:Quick guideDriver CD'],['8-Pin'],,['No'],,['Dual Slot'],['System PSU Limitation (W): 500'],['160W'],,247 (72% Positive)
['1755 MHz'],['EVGA'],['1920'],"['7.48"" x 4.38""']",['NVIDIA'],['Single Fan'],,['1 x Dual-Link DVI-D'],"['August 12, 2020']",['DirectX 12'],['1 x DisplayPort 1.4'],['Yes'],,['14000 MHz'],"['NVIDIA AnselHDMI 2.0b, DisplayPort 1.4 and Dual-Link DVIReal-Time Ray TracingNVIDIA GeForce ExperienceNVIDIA HighlightsNVIDIA G-SYNC CompatibleGame Ready DriversHDCP 2.2NVIDIA GPU BoostBuilt for EVGA Precision X1Microsoft DirectX 12 Ultimate, Vulkan, OpenGL 4.6Supports NVIDIA NVENC Turing Encoder']",,['GeForce RTX 2060'],['NVIDIA GeForce RTX 20 Series'],['2.2'],['1 x HDMI 2.0b'],['PCI Express 3.0'],['190 mm'],['7680 x 4320'],['192-Bit'],['6GB'],['GDDR6'],['06G-P4-2063-KR'],['3'],['OpenGL 4.6'],"['Windows 10 (64-bit), Windows 7 (64-bit)']",,,,['8-Pin'],,['No'],,['2.75 Slot'],"['500W or greater power supply.PCI Express, PCI Express 2.0 or PCI Express 3.0 compliant motherboard with one graphics slot.']",['160W'],['Yes'],(9)
['OC Mode: 1860 MHzGaming Mode: 1830 MHz'],['ASUS'],['1920'],"['11.81"" x 5.20""']",['NVIDIA'],['Triple Fans'],['1365 MHz'],,"['June 04, 2020']",['DirectX 12'],['2 x DisplayPort 1.4'],,,['14000 MHz'],"['OC Edition: Boost Clock 1860 MHz (OC Mode) / 1830 MHz (Gaming Mode).NVIDIA TURING: ROG GeForce RTX graphics cards are powered by the Turing GPU architecture and the all-new RTX platform. This gives you up to 6X the performance of previous-generation graphics cards and brings the power of real-time ray tracing and AI to games.DirectX 12: Power new visual effects and rendering techniques for more lifelike gaming.NVIDIA Shadowplay Record and share high-quality gameplay videos, screenshots, and livestreams with your friends.Axial-tech fan design features a smaller fan hub that facilitates longer blades and a barrier ring that increases downward air pressure.0dB Technology lets you enjoy light gaming in relative silence.Auto-Extreme Technology uses automation to enhance reliability.Super Alloy Power II includes premium alloy chokes, solid polymer capacitors, and an array of high-current power stages.MaxContact Technology allows 2X more contact with the GPU chip for improved thermal transfer.Aura Sync compatibility lets you customize and sync lighting effects with other compatible hardware.']",,['GeForce RTX 2060'],['NVIDIA GeForce RTX 20 Series'],['2.2'],['2 x HDMI 2.0b'],['PCI Express 3.0'],['300 mm'],['7680 x 4320'],['192-Bit'],['6GB'],['GDDR6'],['ROG-STRIX-RTX2060-O6G-EVO-GAMING'],['4'],['OpenGL 4.6'],,,,['Accessories:1 x ROG Velcro Hook & Loop1 x Quick Guide'],['8-Pin'],,['No'],['ROG STRIX'],['2.5-slot'],['Recommended PSU: 500W'],['190W'],['Yes'],36 (64% Positive)
['OC Mode: 1755 MHzGaming Mode: 1725 MHz'],['ASUS'],['1920'],"['7.80"" x 4.80""']",['NVIDIA'],['Double Fans'],['1365 MHz'],['1 x DVI-D'],"['October 06, 2020']",['DirectX 12'],['1 x DisplayPort 1.4'],,,['14000 MHz'],"['OC Edition: Boost Clock 1755 MHz (OC Mode) / 1725 MHz (Gaming Mode).NVIDIA TURING: ROG GeForce RTX graphics cards are powered by the Turing GPU architecture and the all-new RTX platform. This gives you up to 6X the performance of previous-generation graphics cards and brings the power of real-time ray tracing and AI to games.DirectX 12: Power new visual effects and rendering techniques for more lifelike gaming.NVIDIA Shadowplay Record and share high-quality gameplay videos, screenshots, and livestreams with your friends.Coolest dual-fan GPU built for the Intel NUC 9 Extreme Kit and Intel NUC 9 Pro Kit.A 2-slot Design maximizes compatibility and cooling efficiency for superior performance in small chassis.Axial-tech fan design features a smaller fan hub that facilitates longer blades and a barrier ring that increases downward air pressure.0dB Technology lets you enjoy light gaming in relative silence.Auto-Extreme Technology uses automation to enhance reliability.']",,['GeForce RTX 2060'],['NVIDIA GeForce RTX 20 Series'],['2.2'],['1 x HDMI 2.0b'],['PCI Express 3.0'],['197 mm'],['7680 x 4320'],['192-Bit'],['6GB'],['GDDR6'],['DUAL-RTX2060-O6G-MINI'],,['OpenGL 4.6'],,,,['Accessories:1 x Speedsetup manual'],['8-Pin'],,['No'],['Dual'],['Dual Slot'],['Recommended PSU: 500W'],,['Yes'],36 (64% Positive)
,['GIGABYTE'],['1920'],,['NVIDIA'],['Triple Fans'],['1830 MHz'],,"['October 14, 2020']",['DirectX 12'],['3 x DisplayPort 1.4'],,,['14000 MHz'],,['ATX'],['GeForce RTX 2060'],,,['1 x HDMI 2.0b'],['PCI Express 3.0 x16'],['224 mm'],['7680x4320@60Hz'],['192-Bit'],['6GB'],['GDDR6'],['GV-N2060GAMINGOC PRO-6GD Ver 2.0'],['4'],['OpenGL 4.5'],,,,,['8-Pin'],,['No'],,['Dual Slot'],['Recommended PSU: 500W'],['210W'],['Yes'],36 (64% Positive)
['OC mode: 1860 MHzGaming mode: 1830 MHz'],['ASUS'],['2176'],"['11.83"" x 5.14""']",['NVIDIA'],['Triple Fans'],['1470 MHz'],,"['October 09, 2020']",,['2 x DisplayPort 1.4'],,,['14000 MHz'],"['OC Edition: Boost Clock 1860 MHz (OC Mode) / 1830 MHz (Gaming Mode).RT Cores: Dedicated ray tracing hardware enables fast real-time ray tracing of objects and environments with physically accurate shadows, reflections, refractions, and global illumination.Concurrent Floating Point and Integer Processing: Turing GPUs more efficiently process the compute heavy workloads of modern games.Ultra-fast GDDR6: Experience up to 496 GB/s of memory bandwidth for high-speed, high-resolution gaming.Axial-tech fan design features a smaller fan hub that facilitates longer blades and a barrier ring that increases downward air pressure.0dB Technology lets you enjoy light gaming in relative silence.Auto-Extreme Technology uses automation to enhance reliability.Super Alloy Power II includes premium alloy chokes, solid polymer capacitors, and an array of high-current power stages.MaxContact Technology allows 2X more contact with the GPU chip for improved thermal transfer.Aura Sync compatibility lets you customize and sync lighting effects with other compatible hardware.']",,['GeForce RTX 2060 SUPER'],,['2.2'],['2 x HDMI 2.0b'],['PCI Express 3.0'],['301 mm'],['7680 x 4320'],['256-Bit'],['8GB'],['GDDR6'],['ROG-STRIX-RTX2060S-O8G-EVO-V2-GAMING'],['4'],['OpenGL 4.6'],,,,['Accessories:1 x ROG Velcro Hook & Loop1 x Speedsetup manual'],"['1 x 6-pin, 1 x 8-pin']",,['No'],['ROG STRIX'],['2.5 slot'],['Recommended PSU: 550W'],,['Yes'],36 (64% Positive)
['OC mode: 1710 MHzGaming mode: 1680 MHz'],['ASUS'],['2176'],"['11.83"" x 5.14""']",['NVIDIA'],['Triple Fans'],['1470 MHz'],,"['October 28, 2020']",,['2 x DisplayPort 1.4'],,,['14000 MHz'],"['Advanced Edition: Boost Clock 1710 MHz (OC Mode) / 1680 MHz (Gaming Mode).RT Cores: Dedicated ray tracing hardware enables fast real-time ray tracing of objects and environments with physically accurate shadows, reflections, refractions, and global illumination.Concurrent Floating Point and Integer Processing: Turing GPUs more efficiently process the compute heavy workloads of modern games.Ultra-fast GDDR6: Experience up to 496 GB/s of memory bandwidth for high-speed, high-resolution gaming.Axial-tech fan design features a smaller fan hub that facilitates longer blades and a barrier ring that increases downward air pressure.0dB Technology lets you enjoy light gaming in relative silence.Auto-Extreme Technology uses automation to enhance reliability.Super Alloy Power II includes premium alloy chokes, solid polymer capacitors, and an array of high-current power stages.MaxContact Technology allows 2X more contact with the GPU chip for improved thermal transfer.Aura Sync compatibility lets you customize and sync lighting effects with other compatible hardware.']",,['GeForce RTX 2060 SUPER'],,['2.2'],['2 x HDMI 2.0b'],['PCI Express 3.0'],['301 mm'],['7680 x 4320'],['256-Bit'],['8GB'],['GDDR6'],['ROG-STRIX-RTX2060S-A8G-EVO-V2-GAMING'],['4'],['OpenGL 4.6'],,,,['Accessories:1 x ROG Velcro Hook & Loop1 x Speedsetup manual'],"['1 x 6-pin, 1 x 8-pin']",,['No'],['ROG STRIX'],['2.5 slot'],['Recommended PSU: 550W'],,['Yes'],16 (81% Positive)
['OC Mode: 1710 MHzGaming Mode: 1680 MHz'],['ASUS'],['1920'],"['10.59"" x 4.45""']",['NVIDIA'],['Single Fan'],['Gaming Mode: 1365 MHz'],,"['October 28, 2020']",['DirectX 12'],['2 x DisplayPort 1.4'],,,['14000 MHz'],"['NVIDIA TURING: ASUS GeForce RTX graphics cards are powered by the Turing GPU architecture and the all-new RTX platform. This gives you up to 6X the performance of previous-generation graphics cards and brings the power of real-time ray tracing and AI to games.DirectX 12: Power new visual effects and rendering techniques for more lifelike gaming.NVIDIA Shadowplay Record and share high-quality gameplay videos, screenshots, and livestreams with your friends.Redesigned Shroud improves cooling for multi-card configurations and chassis with limited airflow.Dual-ball Bearing Fan with IP5X Dust Resistance is a larger, quieter, and dust resistant fan that shifts more air.144-Hour Validation Program puts cards through a series of stringent tests to ensure reliability.GPU Tweak II provides intuitive performance tweaking and thermal controls.']",,['GeForce RTX 2060'],['NVIDIA GeForce RTX 20 Series'],['2.2'],['2 x HDMI 2.0b'],['PCI Express 3.0'],['269 mm'],['7680 x 4320'],['192-Bit'],['6GB'],['GDDR6'],['TURBO-RTX2060-6G'],['4'],['OpenGL 4.5'],,,,['Accessories:1 x CD1 x Quick Guide'],['8-Pin'],,['No'],['Turbo'],['Dual Slot'],['Recommended PSU: 500W'],['160W'],['Yes'],883 (79% Positive)
['OC Mode - 1710 MHzGaming Mode - 1680 MHz'],['ASUS'],['2176'],"['11.83"" x 5.14""']",['NVIDIA'],['Triple Fans'],,,"['October 28, 2020']",,['2 x DisplayPort 1.4'],,,['14000 MHz'],"['Advanced Edition: Boost Clock 1710 MHz (OC Mode) / 1680 MHz (Gaming Mode).RT Cores: Dedicated ray tracing hardware enables fast real-time ray tracing of objects and environments with physically accurate shadows, reflections, refractions, and global illumination.Concurrent Floating Point and Integer Processing: Turing GPUs more efficiently process the compute heavy workloads of modern games.Ultra-fast GDDR6: Experience up to 496 GB/s of memory bandwidth for high-speed, high-resolution gaming.Axial-tech fan design features a smaller fan hub that facilitates longer blades and a barrier ring that increases downward air pressure.0dB Technology lets you enjoy light gaming in relative silence.Auto-Extreme Technology uses automation to enhance reliability.Super Alloy Power II includes premium alloy chokes, solid polymer capacitors, and an array of high-current power stages.MaxContact Technology allows 2X more contact with the GPU chip for improved thermal transfer.Aura Sync compatibility lets you customize and sync lighting effects with other compatible hardware.']",,['GeForce RTX 2060 SUPER'],,['2.2'],['2 x HDMI 2.0b'],['PCI Express 3.0'],['301 mm'],['7680 x 4320'],['256-Bit'],['8GB'],['GDDR6'],['ROG-STRIX-RTX2060S-A8G-EVO-GAMING'],['4'],['OpenGL 4.6'],,,['1 x USB Type-C'],['Accessories:1 x Quick Guide1 x ROG Velcro Hook & Loop'],"['1 x 6-pin, 1 x 8-pin']",,['No'],['ROG Strix'],['2.5-slot'],['Recommended PSU: 550W'],,,16 (81% Positive)
['OC Mode: 1740 MHz Gaming Mode: 1710 MHz'],['ASUS'],['1920'],"['11.81"" x 5.20""']",['NVIDIA'],['Triple Fans'],['OC Mode: 1395 MHzGaming Mode: 1365 MHz'],,"['October 19, 2020']",['DirectX 12'],['2 x DisplayPort 1.4'],,,['14000 MHz'],"[""NVIDIA TURING: ROG GeForce RTX graphics cards are powered by the Turing GPU architecture and the all-new RTX platform. This gives you up to 6X the performance of previous-generation graphics cards and brings the power of real-time ray tracing and AI to games.DirectX 12: Power new visual effects and rendering techniques for more lifelike gaming.NVIDIA Shadowplay Record and share high-quality gameplay videos, screenshots, and livestreams with your friends.Unique Wing-blade Fans deliver high air pressure, reduced noise levels, IP5X certified dust resistance, and 0dB mode for silent gaming.MaxContact Technology allows 2X more contact with the GPU chip for improved thermal transfer.Auto-Extreme Technology uses automation to enhance reliability.Super Alloy Power II includes premium alloy chokes, solid polymer capacitors, and an array of high-current power stages to fuel Turing's cores.ASUS FanConnect II equips 2 hybrid-controlled fan headers for optimal system cooling.GPU Tweak II provides intuitive performance tweaking and thermal controls.""]",,['GeForce RTX 2060'],['NVIDIA GeForce RTX 20 Series'],['2.2'],['2 x HDMI 2.0b'],['PCI Express 3.0'],['300 mm'],['7680 x 4320'],['192-Bit'],['6GB'],['GDDR6'],['ROG-STRIX-RTX2060-A6G-GAMING'],['4'],['OpenGL 4.6'],,,,['Accessories:1 x ROG Velcro Hook & Loop1 x CD1 x Quick Guide'],"['1 x 6-pin, 1 x 8-pin']",,['No'],['ROG STRIX'],['2.5-slot'],['Recommended PSU: 500W'],['160W'],['Yes'],36 (64% Positive)
,['GIGABYTE'],['2176'],"['10.43"" x 4.76""']",['NVIDIA'],['WINDFORCE 2X'],['1680 MHz'],,"['October 16, 2020']",['DirectX 12'],['3 x DisplayPort 1.4'],,,['14000 MHz'],['Powered by GeForce RTX 2060 SUPERIntegrated with 8GB GDDR6 256-bit memory interfaceWINDFORCE 2X Cooling System with alternate spinning fans100mm unique blade fansProtection Back Plate'],['ATX'],['GeForce RTX 2060 SUPER'],,,['1 x HDMI 2.0b'],['PCI Express 3.0 x16'],['265 mm'],['7680 x 4320 @ 60 Hz'],['256-Bit'],['8GB'],['GDDR6'],['GV-N206SWF2OC-8GD'],['4'],['OpenGL 4.5'],,,,['Accessories:Quick guideDriver CD'],['8-Pin'],,['No'],,['Dual Slot'],['System PSU Limitation: 550W'],['175W'],['Yes'],36 (64% Positive)
,['GIGABYTE'],['2176'],"['11.04"" x 4.58""']",['NVIDIA'],['WINDFORCE 3X'],['1710 MHz'],,"['October 28, 2020']",['DirectX 12'],['3 x DisplayPort 1.4'],,,['14000 MHz'],['Powered by GeForce RTX 2060 SUPERIntegrated with 8GB GDDR6 256-bit memory interfaceWINDFORCE 3X Cooling System with alternate spinning fansRGB Fusion 2.0 - 16.7M colors synchronize with other AORUS devicesMetal Back Plate'],['ATX'],['GeForce RTX 2060 SUPER'],,,['1 x HDMI 2.0b'],['PCI Express 3.0 x16'],['280 mm'],['7680x4320@60Hz'],['256-Bit'],['8GB'],['GDDR6'],['GV-N206SGAMING OC-8GD v2.0'],['4'],['OpenGL 4.6'],,,,['Accessories:Quick guideDriver CD'],['8-Pin'],,['No'],,,['Recommended PSU: 550W'],['120W'],['Yes'],247 (72% Positive)
['OC mode: 1710 MHzGaming mode: 1680 MHz'],['ASUS'],['2176'],"['11.83"" x 5.14""']",['NVIDIA'],['Triple Fans'],['OC mode: 1500 MHzGaming mode: 1470 MHz'],,"['October 28, 2020']",['DirectX 12'],['2 x DisplayPort 1.4'],,,['14000 MHz'],"['RT Cores: Dedicated ray tracing hardware enables fast real-time ray tracing of objects and environments with physically accurate shadows, reflections, refractions, and global illumination.Concurrent Floating Point and Integer Processing: Turing GPUs more efficiently process the compute heavy workloads of modern games.Ultra-fast GDDR6: Experience up to 496 GB/s of memory bandwidth for high-speed, high-resolution gaming.Wing-blade fan design incorporates drooped tips on each blade to reduce drag.0dB Technology lets you enjoy light gaming in relative silence.Dual BIOS switch lets you toggle between Quiet and Performance BIOS profiles sans software.Auto-Extreme Technology uses automation to enhance reliability.Super Alloy Power II includes premium alloy chokes, solid polymer capacitors, and an array of high-current power stages.MaxContact Technology allows 2X more contact with the GPU chip for improved thermal transfer.A reinforced frame prevents excessive torsion and lateral bending of the PCB.GPU Tweak II provides intuitive performance tweaking, thermal controls, and system monitoring.Aura Sync compatibility lets you customize and sync lighting effects with other compatible hardware.ASUS FanConnect II equips 2 hybrid-controlled fan headers for optimal system cooling.']",,['GeForce RTX 2060 SUPER'],,['2.2'],['2 x HDMI 2.0b'],['PCI Express 3.0'],['301 mm'],['7680 x 4320'],['256-Bit'],['8GB'],['GDDR6'],['ROG-STRIX-RTX2060S-A8G-GAMING'],['4'],['OpenGL 4.6'],,,['1 x USB Type-C'],['Accessories:1 x Quick Guide1 x ROG Velcro Hook & Loop'],"['1 x 6-pin, 1 x 8-pin']",,['No'],['ROG STRIX'],['2.5 slot'],['Recommended PSU: 550W'],['215W'],['Yes'],16 (81% Positive)
,['GIGABYTE'],['2176'],"['11.04"" x 4.58""']",['NVIDIA'],['WINDFORCE 3X'],['1710 MHz'],,"['October 14, 2020']",['DirectX 12'],['3 x DisplayPort 1.4'],,,['14000 MHz'],['Powered by GeForce RTX 2060 SUPERIntegrated with 8GB GDDR6 256-bit memory interfaceWINDFORCE 3X Cooling System with alternate spinning fansRGB Fusion 2.0 - 16.7M colors synchronize with other AORUS devicesMetal Back Plate'],['ATX'],['GeForce RTX 2060 SUPER'],,,['1 x HDMI 2.0b'],['PCI Express 3.0 x16'],['280 mm'],['7680 x 4320 @ 60 Hz'],['256-Bit'],['8GB'],['GDDR6'],['GV-N206SGAMINGOC WHITE-8GD REV2.0'],['4'],['OpenGL 4.6'],,,,['Accessories:Quick guideDriver CD'],['8-Pin'],,['No'],,['Dual Slot'],['System PSU Limitation: 550W'],['215W'],['Yes'],36 (64% Positive)
,['ASUS'],,,,,,,"['September 24, 2020']",,,,,,,,,,,,,,,,,,,,,,,,,,,,,,,,,0 reviews
,['GIGABYTE'],['1920'],"['10.43"" x 4.75""']",['NVIDIA'],,['1770 MHz'],,"['May 18, 2020']",['DirectX 12'],['3 x DisplayPort 1.4'],,,['14000 MHz'],['Powered by GeForce RTX 2060  Integrated with 6GB GDDR6 192-bit memory interface  WINDFORCE 2X Cooling System with alternate spinning fans  100mm unique blade fans  Protection back plate'],['ATX'],['GeForce RTX 2060'],['NVIDIA GeForce RTX 20 Series'],,['1 x HDMI 2.0b'],['PCI Express 3.0 x16'],['265 mm'],['7680 x 4320 @ 60 Hz'],['192-Bit'],['6GB'],['GDDR6'],['GV-N2060WF2OC-6GD R2'],['4'],['OpenGL 4.5'],,,,['Accessories: Quick guide Driver CD'],['8-Pin'],,['No'],,['Dual Slot'],['Recommended PSU: 500W'],['160W'],['Yes'],0 reviews
['1740 MHz (OC mode)1710 MHz (Gaming mode)'],['ASUS'],['1920'],"['8.03"" x 4.92""']",['NVIDIA'],['Double Fans'],['1395 MHz (OC mode)1365 MHz (Gaming mode)'],['1 x DL-DVI-D'],"['October 28, 2020']",['DirectX 12'],['1 x DisplayPort 1.4'],['Yes'],,['14000 MHz'],"['NVIDIA TURING GPU architecture and the all-new RTX platform provides up to 6X the performance of previous-generation graphics cards and brings the power of real-time ray tracing and AI to games.DirectX 12 enables new visual effects and rendering techniques for more lifelike gaming.NVIDIA Shadowplay Record and share high-quality gameplay videos, screenshots, and livestreams with your friends.Dual-ball fan bearing design can last up to twice as long as sleeve bearing designs.IP5X dust resistance offers protection from particle ingress for better durability.Auto-Extreme Technology uses automation to enhance reliability.144-Hour Validation Program puts cards through a series of stringent tests to ensure compatibility with the latest games.TUF Compatibility Testing runs cards through a suite of tests to ensure TUF Gaming motherboards, chassis, and other TUF Gaming alliance components work together flawlessly.GPU Tweak II provides intuitive performance tweaking and thermal controls.']",,['GeForce RTX 2060'],['NVIDIA GeForce RTX 20 Series'],['2.2'],['2 x HDMI 2.0b'],['PCI Express 3.0'],['204 mm'],['7680 x 4320'],['192-Bit'],['6GB'],['GDDR6'],['TUF-RTX2060-O6G-GAMING'],['4'],['OpenGL 4.6'],,,,['Accessories:1 x CD1 x Quick Guide'],['8-Pin'],,['No'],['TUF Gaming'],['2.3-slot'],['Recommended PSU: 500W'],['160W'],['Yes'],883 (79% Positive)
,['ASUS'],['2176'],"['11.80"" x 5.10""']",['NVIDIA'],['Triple Fans'],,,"['October 28, 2020']",,['2 x DisplayPort 1.4'],,,,"['RT Cores: Dedicated ray tracing hardware enables fast real-time ray tracing of objects and environments with physically accurate shadows, reflections, refractions, and global illumination.Concurrent Floating Point and Integer Processing: Turing GPUs more efficiently process the compute heavy workloads of modern games.Ultra-fast GDDR6: Experience up to 496 GB/s of memory bandwidth for high-speed, high-resolution gaming.Wing-blade fan design incorporates drooped tips on each blade to reduce drag.0dB Technology lets you enjoy light gaming in relative silence.Dual BIOS switch lets you toggle between Quiet and Performance BIOS profiles sans software.Auto-Extreme Technology uses automation to enhance reliability.Super Alloy Power II includes premium alloy chokes, solid polymer capacitors, and an array of high-current power stages.MaxContact Technology allows 2X more contact with the GPU chip for improved thermal transfer.A reinforced frame prevents excessive torsion and lateral bending of the PCB.GPU Tweak II provides intuitive performance tweaking, thermal controls, and system monitoring.Aura Sync compatibility lets you customize and sync lighting effects with other compatible hardware.ASUS FanConnect II equips 2 hybrid-controlled fan headers for optimal system cooling.']",,['GeForce RTX 2060 SUPER'],,['2.2'],['2 x HDMI 2.0b'],['PCI Express 3.0'],['301 mm'],['7680 x 4320'],['256-Bit'],['8GB'],['GDDR6'],['ROG-STRIX-RTX2060S-O8G-GAMING'],['4'],['OpenGL 4.5'],,,['1 x USB Type-C'],['Accessories:1 x Quick Guide1 x ROG Velcro Hook & Loop'],"['1 x 6-pin, 1 x 8-pin']",,['No'],['ROG STRIX'],['2.5 slot'],['Recommended PSU: 550W'],['175W'],['Yes'],883 (79% Positive)
['1680 MHz'],['ZOTAC'],['1920'],"['8.30"" x 4.70""']",['NVIDIA'],['Double Fans'],,,"['September 29, 2020']",['DirectX 12'],['3 x DisplayPort 1.4'],,,['14.0 Gbps'],['IceStorm 2.0GDDR6 memoryOC Scanner'],,['GeForce RTX 2060'],['NVIDIA GeForce RTX 20 Series'],['Yes'],['1 x HDMI 2.0b'],['PCI Express 3.0'],['210 mm'],['7680 x 4320'],['192-Bit'],['6GB'],['GDDR6'],['ZT-T20600H-10M'],['4'],['OpenGL 4.5'],['Windows 10 / 7 x64'],,,['ZOTAC GAMING GeForce RTX 2060 graphics cardUser Manual'],['8-Pin'],,['No'],,['Dual Slot'],['Recommended Power Supply: 500W'],['160W'],['Yes'],247 (72% Positive)
,['GIGABYTE'],['1920'],"['6.69"" x 4.78""']",['NVIDIA'],['Single Fan'],['1695 MHz'],,"['October 27, 2020']",['DirectX 12'],['3 x DisplayPort 1.4'],,,['14000 MHz'],['Powered by GeForce RTX 2060Integrated with 6GB GDDR6 192-bit memory interface90mm unique blade fan170mm compact card size'],['ATX'],['GeForce RTX 2060'],['NVIDIA GeForce RTX 20 Series'],,['1 x HDMI 2.0b'],['PCI Express 3.0 x16'],['170 mm'],['7680 x 4320 @ 60 Hz'],['192-Bit'],['6GB'],['GDDR6'],['GV-N2060IXOC-6GD'],['4'],['OpenGL 4.5'],,,,['Accessories:Quick guideDriver CD'],['8-Pin'],,['No'],,['Dual Slot'],['System PSU Limitation (W): 500'],['160W'],['Yes'],36 (64% Positive)
['1830 MHz'],['MSI'],['1920'],"['9.72"" x 5.08""']",['NVIDIA'],['Double Fans'],,,"['March 27, 2019']",['DirectX 12'],['3 x DisplayPort 1.4'],,,['14 Gbps'],"['Twin Frozr 7 Thermal Design: TORX Fan 3.0 - Dispersion fan blade: Steep curved blade accelerating the airflow. - Traditional fan blade: Provides steady airflow to massive heat sink below. Mastery of Aerodynamics: The heatsink is optimized for efficient heat dissipation, keeping your temperatures low and performance high. Zero Frozr technology: Stopping the fan in low-load situations, keeping a noise-free environment.  RGB Mystic Light: Customize colors and LED effects with exclusive MSI software and synchronize the look & feel with other components.  Dragon Center: 1 click to optimize all you need for smooth gaming.']",,['GeForce RTX 2060'],['NVIDIA GeForce RTX 20 Series'],['2.2'],['1 x HDMI 2.0b'],['PCI Express 3.0 x16'],['247 mm'],['7680 x 4320'],['192-Bit'],['6GB'],['GDDR6'],['RTX 2060 GAMING Z 6G'],['4'],['OpenGL 4.5'],,,,,['8-Pin'],,,,,['Power consumption: 190W Recommended PSU: 500W'],['190W'],['Yes'],0 reviews
['OC mode: 1725 MHzGaming mode: 1695 MHz'],['ASUS'],['2176'],"['10.51"" x 4.65""']",['NVIDIA'],['Double Fans'],['OC mode: 1500 MHzGaming mode: 1470 MHz'],['1 x DL-DVI-D'],"['October 28, 2020']",['DirectX 12'],['2 x DisplayPort 1.4'],['Yes'],,['14000 MHz'],"['RT Cores: Dedicated ray tracing hardware enables fast real-time ray tracing of objects and environments with physically accurate shadows, reflections, refractions, and global illumination.Concurrent Floating Point and Integer Processing: Turing GPUs more efficiently process the compute heavy workloads of modern games.Ultra-fast GDDR6: Experience up to 496 GB/s of memory bandwidth for high-speed, high-resolution gaming.Axial-tech fan design features a smaller fan hub that facilitates longer blades and a barrier ring that increases downward air pressure.0dB Technology lets you enjoy light gaming in relative silence.2.7-slot Design expands cooling surface area to make the most of the two powerful Axial-tech fans.Auto-Extreme Technology uses automation to enhance reliability.A Protective backplate secures components during transportation and installation.GPU Tweak II provides intuitive performance tweaking, thermal controls, and system monitoring.144-hour Validation Program puts cards through a series of stringent tests to ensure compatibility with the latest games.']",,['GeForce RTX 2060 SUPER'],,['2.2'],['2 x HDMI 2.0b'],['PCI Express 3.0'],['267 mm'],['7680 x 4320'],['256-Bit'],['8GB'],['GDDR6'],['DUAL-RTX2060S-O8G-EVO'],['4'],['OpenGL 4.5'],,,,['Accessories:1 x Quick Guide'],['8-Pin'],,['No'],['Dual'],['2.7 slot'],['Recommended PSU: 550W'],['175W'],['Yes'],883 (79% Positive)
['1680 MHz'],['MSI'],['1920'],"['9.72"" x 5.08""']",['NVIDIA'],['Double Fans'],,,"['March 10, 2020']",['DirectX 12'],['3 x DisplayPort 1.4'],,,['14 Gbps'],"['Twin Frozr 7 Thermal Design TORX Fan 3.0 - Dispersion fan blade: Steep curved blade accelerating the airflow. - Traditional fan blade: Provides steady airflow to massive heat sink below. Mastery of Aerodynamics: The heatsink is optimized for efficient heat dissipation, keeping your temperatures low and performance high. Zero Frozr technology: Stopping the fan in low-load situations, keeping a noise-free environment.  RGB Mystic Light Customize colors and LED effects with exclusive MSI software and synchronize the look & feel with other components.  Dragon Center A consolidated platform that offers all software including MYSTIC LIGHT and One-Click Overclocking functionality for your MSI Gaming product.']",,['GeForce RTX 2060'],['NVIDIA GeForce RTX 20 Series'],['2.2'],['1 x HDMI 2.0b'],['PCI Express 3.0 x16'],['247 mm'],['7680 x 4320'],['192-Bit'],['6GB'],['GDDR6'],['RTX 2060 GAMING 6G'],['4'],['OpenGL 4.5'],,,,,['8-Pin'],,['No'],,,['Recommended PSU: 500W'],['160W'],['Yes'],0 reviews
['1830 MHz'],['MSI'],['1920'],"['9.72"" x 5.08""']",['NVIDIA'],['Double Fans'],,,"['October 09, 2019']",['DirectX 12'],['3 x DisplayPort 1.4'],,,['14 Gbps'],"['Twin Frozr 7 Thermal Design: TORX Fan 3.0 - Dispersion fan blade: Steep curved blade accelerating the airflow. - Traditional fan blade: Provides steady airflow to massive heat sink below. Mastery of Aerodynamics: The heatsink is optimized for efficient heat dissipation, keeping your temperatures low and performance high. Zero Frozr technology: Stopping the fan in low-load situations, keeping a noise-free environment.  RGB Mystic Light: Customize colors and LED effects with exclusive MSI software and synchronize the look & feel with other components.  Dragon Center: 1 click to optimize all you need for smooth gaming.']",,['GeForce RTX 2060'],['NVIDIA GeForce RTX 20 Series'],['2.2'],['1 x HDMI 2.0b'],['PCI Express 3.0 x16'],['247 mm'],['7680 x 4320'],['192-Bit'],['6GB'],['GDDR6'],['RTX 2060 GAMING Z 6G'],['4'],['OpenGL 4.5'],,,,,['8-Pin'],,['No'],,,['Recommended PSU: 500W'],['190W'],['Yes'],0 reviews
['1695 MHz'],['MSI'],['2176'],"['9.76"" x 5.04""']",['NVIDIA'],['Double Fans'],,,"['October 24, 2020']",['DirectX 12'],['3 x DisplayPort 1.4'],,,['14 Gpbs'],"['Twin Frozr 7 Thermal Design TORX Fan 3.0 - Dispersion fan blade: Steep curved blade accelerating the airflow. - Traditional fan blade: Provides steady airflow to massive heat sink below. Mastery of Aerodynamics: The heatsink is optimized for efficient heat dissipation, keeping your temperatures low and performance high. Zero Frozr technology: Stopping the fan in low-load situations, keeping a noise-free environment.  Dragon Center A consolidated platform that offers all software including MYSTIC LIGHT functionality for your MSI Gaming product.']",,['GeForce RTX 2060 SUPER'],,['2.2'],['1 x HDMI 2.0b'],['PCI Express 3.0 x16'],['248 mm'],['7680 x 4320'],['256-Bit'],['8GB'],['GDDR6'],['RTX 2060 SUPER GAMING X'],['4'],['OpenGL 4.5'],,,,,['8-Pin'],,['No'],,,['Recommended PSU: 550W'],['175W'],['Yes'],0 reviews
,,,,,,,,"['October 19, 2020']",,,,,,,,,,,,,,,,,,,,,,,,,,,,,,,,,0 reviews
,['GIGABYTE'],['2176'],"['10.43"" x 4.76""']",['NVIDIA'],['WINDFORCE 2X'],['1650 MHz'],,"['October 21, 2020']",['DirectX 12'],['3 x DisplayPort 1.4'],,,['14000 MHz'],['Powered by GeForce RTX 2060 SUPERIntegrated with 8GB GDDR6 256-bit memory interfaceWINDFORCE 2X Cooling System with alternate spinning fans100mm unique blade fansProtection Back Plate'],['ATX'],['GeForce RTX 2060 SUPER'],,,['1 x HDMI 2.0b'],['PCI Express 3.0 x16'],['265 mm'],['7680 x 4320 @ 60 Hz'],['256-Bit'],['8GB'],['GDDR6'],['GV-N206SWF2-8GD'],['4'],['OpenGL 4.6'],,,,['Accessories:Quick guideDriver CD'],['8-Pin'],,['No'],,['Dual Slot'],['System PSU Limitation: 550W'],,['Yes'],36 (64% Positive)
,['GIGABYTE'],['1920'],"['10.43"" x 4.75""']",['NVIDIA'],['WINDFORCE 2X'],['1770 MHz'],,"['October 10, 2020']",['DirectX 12'],['3 x DisplayPort 1.4'],,,['14000 MHz'],['Powered by GeForce RTX 2060Integrated with 6GB GDDR6 192-bit memory interfaceWINDFORCE 2X Cooling System with alternate spinning fans100mm unique blade fansProtection back plate'],['ATX'],['GeForce RTX 2060'],['NVIDIA GeForce RTX 20 Series'],,['1 x HDMI 2.0b'],['PCI Express 3.0 x16'],['265 mm'],['7680 x 4320 @ 60 Hz'],['192-Bit'],['6GB'],['GDDR6'],['GV-N2060WF2OC-6GD'],['4'],['OpenGL 4.5'],,,,['Accessories:Quick guideDriver CD'],['8-Pin'],,['No'],,['Dual Slot'],['System PSU Limitation (W): 500'],['160W'],['Yes'],36 (64% Positive)
,,,,,,,,"['June 12, 2019']",,,,,,,,,,,,,,,,,,,,,,,,,,,,,,,,,0 reviews
,,,,,,,,"['October 11, 2019']",,,,,,,,,,,,,,,,,,,,,,,,,,,,,,,,,0 reviews
,,,,,,,,"['October 22, 2020']",,,,,,,,,,,,,,,,,,,,,,,,,,,,,,,,,247 (72% Positive)
['1755 MHz'],['EVGA'],['1920'],"['7.48"" x 4.38""']",['NVIDIA'],['Single Fan'],,['1 x Dual-Link DVI-D'],"['April 20, 2019']",['DirectX 12'],['1 x DisplayPort 1.4'],['Yes'],,['14000 MHz'],"['NVIDIA Ansel  Real-Time Ray Tracing  NVIDIA GeForce Experience  NVIDIA Highlights  NVIDIA G-SYNC Compatible  Game Ready Drivers  Microsoft DirectX 12 API, Vulkan API, OpenGL 4.5  NVIDIA GPU Boost  Built for EVGA Precision X1']",,['GeForce RTX 2060'],['NVIDIA GeForce RTX 20 Series'],['2.2'],['1 x HDMI 2.0b'],['PCI Express 3.0'],['190 mm'],['7680 x 4320'],['192-Bit'],['6GB'],['GDDR6'],['06G-P4-2063-KR'],['3'],['OpenGL 4.5'],"['Windows 10 (64-bit), Windows 7 (64-bit)']",,,,['8-Pin'],,['No'],,['2.75 Slot'],"['Total Power Draw: 160 Watts. 500W or greater power supply. PCI Express, PCI Express 2.0 or PCI Express 3.0 compliant motherboard with one graphics slot.']",['190W'],['Yes'],0 reviews
,,,,,,,,"['August 25, 2020']",,,,,,,,,,,,,,,,,,,,,,,,,,,,,,,,,0 reviews
,,,,,,,,"['September 13, 2019']",,,,,,,,,,,,,,,,,,,,,,,,,,,,,,,,,0 reviews
,,,,,,,,"['July 06, 2020']",,,,,,,,,,,,,,,,,,,,,,,,,,,,,,,,,0 reviews
,,['1920'],,['NVIDIA'],,,,"['November 22, 2019']",['DirectX 12'],,,,['14000 MHz'],,,,,,['1 x HDMI'],,,,['192-Bit'],['6GB'],['GDDR6'],['RTX 2060'],,['OpenGL 4.5'],,,,,,['400MHz'],,,,,,,0 reviews
,,,,,,,,"['December 04, 2019']",['DirectX 12.1'],,,,['14.0 Gbps'],,,,,,,['PCI Express 3.0'],,,['256 bit'],['8GB'],['GDDR6'],['RTX 2060'],,['OpenGL 4.5'],,,,,,,,,,,,,0 reviews
,,,,,,,,"['July 17, 2020']",,,,,,,,,,,,,,,,,,,,,,,,,,,,,,,,,0 reviews
,,,,,,,,"['August 14, 2020']",,,,,,,,,,,,,,,,,,,,,,,,,,,,,,,,,0 reviews
,['ASUS'],,,,,,,"['June 24, 2020']",,,,,,,,,,,,,,,,,,,,,,,,,,,,,,,,,0 reviews
,,,,,,,,"['July 17, 2020']",,,,,,,,,,,,,,,,,,,,,,,,,,,,,,,,,0 reviews
,,,,,,,,"['October 26, 2020']",,,,,,,,,,,,,,,,,,,,,,,,,,,,,,,,,0 reviews
['N/A'],['GIGABYTE'],,,,['Triple Fans'],,,"['October 26, 2020']",,,,['None'],,,,,,,,,,,,['8GB'],,,,,,['GAMING OC WHITE'],,,,,,,,,,,0 reviews
,,,,,,,,"['August 27, 2020']",,,,,,,,,,,,,,,,,,,,,,,,,,,,,,,,,0 reviews
,,,,,,,,"['June 04, 2020']",,,,,,,,,,,,,,,,,,,,,,,,,,,,,,,,,0 reviews
['1680 MHz'],['ZOTAC'],['1920'],,['NVIDIA'],,,,"['July 20, 2020']",,['3 x DisplayPort 1.4'],,,,,,['GeForce RTX 2060'],['NVIDIA GeForce RTX 20 Series'],,['1 x HDMI 2.0b'],['PCI Express 3.0'],,['7680 x 4320'],,,,['ZT-T20600H-10M'],['4'],,,,,,,,,,,['Recommended Power Supply: 500W'],,,0 reviews
['N/A'],['GIGABYTE'],,,,['Double Fans'],,,"['October 26, 2020']",,,,['None'],,,,,,,,,,,,['8GB'],,,,,,['WINDFORCE OC'],,,,,,,,,,,0 reviews
,['ASUS'],,,,,,,"['June 24, 2020']",,,,,,,,,,,,,,,,,,,,,,,,,,,,,,,,,0 reviews
,,,,,,,,"['June 13, 2019']",,,,,,,,,,,,,,,,,,,,,,,,,,,,,,,,,0 reviews
,['PNY'],,,,,,,"['January 29, 2020']",,,,,,,,,,,,,,,,,,,,,,,,,,,,,,,,,0 reviews
['1710 MHz'],['MSI'],,,['NVIDIA'],,['1920'],,"['April 03, 2020']",,,,,['14 Gbps'],,,['GeForce RTX 2060'],['NVIDIA GeForce RTX 20 Series'],,,['PCI Express 3.0 x16'],,,['192-Bit'],['6GB'],['GDDR6'],['GeForce RTX 2060 VENTUS XS 6G OC'],,,,,,,,,,['VENTUS'],,,,,"2,604 (75% Positive)"
,['PNY'],,,['NVIDIA'],['With Fan'],,,"['June 24, 2020']",,['3'],,,,['DisplayPort:Yes'],['Plug-in Card'],['RTX 2060'],,,,,,,['192-Bit'],['6 GB'],['GDDR6'],,,,,,,,,,,,,,,,0 reviews
,,,,,,,,"['August 18, 2019']",,,,,,,,,,,,,,,,,,,,,,,,,,,,,,,,,0 reviews
,,,,,,,,"['October 26, 2020']",,,,,,,,,,,,,,,,,,,,,,,,,,,,,,,,,0 reviews
,,,,,,,,"['October 25, 2020']",,,,,,,,,,,,,,,,,,,,,,,,,,,,,,,,,0 reviews
,,,,,,,,"['October 25, 2020']",,,,,,,,,,,,,,,,,,,,,,,,,,,,,,,,,0 reviews
,['ASUS'],,,,,,,"['June 21, 2020']",,,,,,,,,,,,,,,,,,,,,,,,,,,,,,,,,0 reviews
,,,,,,,,"['October 25, 2020']",,,,,,,,,,,,,,,,,,,,,,,,,,,,,,,,,0 reviews
,,,,,,,,"['October 25, 2020']",,,,,,,,,,,,,,,,,,,,,,,,,,,,,,,,,0 reviews
,,,,,,,,"['October 25, 2020']",,,,,,,,,,,,,,,,,,,,,,,,,,,,,,,,,0 reviews
['1680 MHz'],['EVGA'],['1920'],,['NVIDIA'],['Single Fan'],,['1 x Dual-Link DVI-D'],"['February 01, 2019']",['DirectX 12'],['1 x DisplayPort 1.4'],['Yes'],,['14000 MHz'],"['NVIDIA Ansel  Real-Time Ray Tracing  NVIDIA GeForce Experience  NVIDIA Highlights  NVIDIA G-SYNC Compatible  Game Ready Drivers  Microsoft DirectX 12 API, Vulkan API, OpenGL 4.5  NVIDIA GPU Boost  Built for EVGA Precision X1']",,['GeForce RTX 2060'],['NVIDIA GeForce RTX 20 Series'],['2.2'],['1 x HDMI 2.0b'],['PCI Express 3.0'],,['7680 x 4320'],['192-Bit'],['6GB'],['GDDR6'],['06G-P4-2061-KR'],['3'],['OpenGL 4.5'],"['Windows 10 (64-bit), Windows 7 (64-bit)']",,,,['8-Pin'],,['No'],,,"['Total Power Draw: 160 Watts. 500W or greater power supply. PCI Express, PCI Express 2.0 or PCI Express 3.0 compliant motherboard with one graphics slot.']",['190W'],['Yes'],0 reviews
,['eVGA'],,,,,,,"['April 27, 2020']",,,,,,,,,,,,,,,,['6GB'],,['06G-P4-2068-KR'],,,,,,,,,,,,,,,0 reviews
['OC Mode: 1785 MHzGaming Mode (Default): 1755 MHz'],['ASUS'],['1920'],"['9.53"" x 5.12""']",['NVIDIA'],['Double Fans'],['OC Mode: 1395 MHzGaming Mode (Default): 1365 MHz'],['1 x DVI-D'],"['June 24, 2020']",['DirectX 12'],['1 x DisplayPort 1.4'],,,['14000 MHz'],"['NVIDIA TURING GPU architecture and the all-new RTX platform provides up to 6X the performance of previous-generation graphics cards and brings the power of real-time ray tracing and AI to games.DirectX 12 enables new visual effects and rendering techniques for more lifelike gaming.NVIDIA Shadowplay Record and share high-quality gameplay videos, screenshots, and livestreams with your friends.Axial-tech Fan Design brings larger blades and a unique barrier ring to increase air pressure.Auto-Extreme Technology uses automation to enhance reliability.Super Alloy Power II includes premium alloy chokes, solid polymer capacitors, and an array of high-current power stages.Reinforced by a Protective Backplate that prevents PCB flex and trace damage.GPU Tweak II provides intuitive performance tweaking and thermal controls.144-Hour Validation Program puts cards through a series of stringent tests to ensure compatibility with the latest games.']",,['GeForce RTX 2060'],['NVIDIA GeForce RTX 20 Series'],['2.2'],['2 x HDMI 2.0b'],['PCI Express 3.0 x16'],['242 mm'],['7680 x 4320'],['192-Bit'],['6GB'],['GDDR6'],['DUAL-RTX2060-O6G-EVO'],['4'],['OpenGL 4.5'],,,,['Accessories:1 x CD1 x Quick Guide'],['1 x 8-pin'],,['No'],['Dual'],['2.5-slot'],['Recommended PSU: 500W'],['190W'],['Yes'],964 (77% Positive)
['1.71 GHz'],['ASUS'],,,['NVIDIA'],,['1.40 GHz'],['Yes'],"['August 05, 2019']",['OpenGL 4.5'],['Yes'],,,['1.40 GHz'],,['Plug-in Card'],['RTX 2060'],,,['Yes'],,,,['192-Bit'],['6GB'],['GDDR6'],,,['OpenGL 4.5'],,['PH-RTX2060-6G'],,,,['1.40 GHz'],,['RTX'],,,,,0 reviews
['1830 MHz'],['PNY'],['1920'],"['9.25"" x 4.50""']",['NVIDIA'],['Double Fans'],['1365 MHz'],['1 x DVI-D'],"['November 27, 2019']",,['1 x DisplayPort 1.4'],,,['14 Gbps'],"[""NVIDIA Turing architecture, with 1365 MHz core clock and 1830 MHz boost clock speeds to help meet the needs of demanding games.6GB GDDR6 (192-bit) on-board memory, plus 1920 CUDA processing cores and up to 336 GB/sec of memory bandwidth provide the memory needed to create striking visual realism.PCI Express 3.0 interface - Offers compatibility with a range of systems. Also includes DVI-D, HDMI and DisplayPort outputs for expanded connectivity.Real-Time Ray Tracing - Definitive solution for lifelike lighting, reflections, and shadows, offering a high level of realism.NVIDIA GeForce Experience - Capture and share videos, screenshots, and livestreams with friends. Keep your drivers up to date and optimize your game settings. It's the essential companion to your GeForce graphics card.""]",,['GeForce RTX 2060'],['NVIDIA GeForce RTX 20 Series'],,['1 x HDMI 2.0b'],['PCI Express 3.0 x16'],['235 mm'],,['192-Bit'],['6GB'],['GDDR6'],['VCG20606DFPPB-O'],['3'],,,,,,['8-Pin'],,,,['Dual Slot'],,['190W'],,0 reviews
['1755 MHz'],['EVGA'],['1920'],"['7.48"" x 4.38""']",['NVIDIA'],['Single Fan'],,['1 x Dual-Link DVI-D'],"['April 30, 2019']",['DirectX 12'],['1 x DisplayPort 1.4'],['Yes'],,['14000 MHz'],"['NVIDIA Ansel  Real-Time Ray Tracing  NVIDIA GeForce Experience  NVIDIA Highlights  NVIDIA G-SYNC Compatible  Game Ready Drivers  Microsoft DirectX 12 API, Vulkan API, OpenGL 4.5  NVIDIA GPU Boost  Built for EVGA Precision X1']",,['GeForce RTX 2060'],['NVIDIA GeForce RTX 20 Series'],['2.2'],['1 x HDMI 2.0b'],['PCI Express 3.0'],['190 mm'],['7680 x 4320'],['192-Bit'],['6GB'],['GDDR6'],['06G-P4-2063-KR'],['3'],['OpenGL 4.5'],"['Windows 10 (64-bit), Windows 7 (64-bit)']",,,,['8-Pin'],,['No'],,['2.75 Slot'],"['Total Power Draw: 160 Watts. 500W or greater power supply. PCI Express, PCI Express 2.0 or PCI Express 3.0 compliant motherboard with one graphics slot.']",['190W'],['Yes'],0 reviews
,,,,,,,,"['October 26, 2020']",,,,,,,,,,,,,,,,,,,,,,,,,,,,,,,,,0 reviews
['1695 MHz'],['EVGA'],['2176'],"['10.62"" x 4.38""']",['NVIDIA'],['Double Fans'],,,"['July 13, 2020']",['DirectX 12'],['3 x DisplayPort 1.4'],,,['14000 MHz'],"['NVIDIA AnselAdjustable RGB LEDAll-Metal Backplate, Pre-InstalledReal-Time Ray TracingNVIDIA GeForce ExperienceNVIDIA HighlightsNVIDIA G-SYNC CompatibleGame Ready DriversMicrosoft DirectX 12 API, Vulkan API, OpenGL 4.5NVIDIA GPU BoostBuilt for EVGA Precision X1Designed for USB Type-C and VirtualLink']",,['GeForce RTX 2060 SUPER'],,['2.2'],['1 x HDMI 2.0b'],['PCI Express 3.0'],['270 mm'],['7680 x 4320'],['256-Bit'],['8GB'],['GDDR6'],['08G-P4-3163-KR'],['4'],['OpenGL 4.5'],"['Windows 10 (64-bit), Windows 7 (64-bit)']",,['1 x USB Type-C VirtualLink'],,['An available 6-pin PCIe power connector and an available 8-pin PCIe power connector'],,['No'],,['2.75 Slot'],"['550W or greater power supply.PCI Express, PCI Express 2.0 or PCI Express 3.0 compliant motherboard with one graphics slot.']",['175W'],['Yes'],(25)
,['GIGABYTE'],['2176'],"['10.43"" x 4.76""']",['NVIDIA'],['WINDFORCE 2X'],['1680 MHz'],,"['February 20, 2020']",['DirectX 12'],['3 x DisplayPort 1.4'],,,['14000 MHz'],['Powered by GeForce RTX 2060 SUPERIntegrated with 8GB GDDR6 256-bit memory interfaceWINDFORCE 2X Cooling System with alternate spinning fans100mm unique blade fansProtection Back Plate'],['ATX'],['GeForce RTX 2060 SUPER'],,,['1 x HDMI 2.0b'],['PCI Express 3.0 x16'],['265 mm'],['7680 x 4320 @ 60 Hz'],['256-Bit'],['8GB'],['GDDR6'],['GV-N206SWF2OC-8GD'],['4'],['OpenGL 4.6'],,,,,['8-Pin'],,['No'],,['Dual Slot'],['System PSU Limitation: 550W'],['175W'],['Yes'],0 reviews
['1680 MHz'],['EVGA'],['2176'],"['10.62"" x 4.38""']",['NVIDIA'],['Double Fans'],,['1 x DL-DVI-D'],"['June 28, 2019']",['DirectX 12'],['2 x DisplayPort 1.4'],['Yes'],,['14000 MHz'],"['NVIDIA AnselAll-Metal Backplate, Pre-InstalledReal-Time Ray TracingNVIDIA GeForce ExperienceNVIDIA HighlightsNVIDIA G-SYNC CompatibleGame Ready DriversNVIDIA GPU BoostBuilt for EVGA Precision X1']",,['GeForce RTX 2060 SUPER'],,['2.2'],['1 x HDMI 2.0b'],['PCI Express 3.0'],['270 mm'],['7680 x 4320'],['256-Bit'],['8GB'],['GDDR6'],['08G-P4-3067-KR'],['4'],['OpenGL 4.5'],"['Windows 10 (64-bit), Windows 7 (64-bit)']",,,,['One available 8-pin PCIe power dongle'],,['No'],,['Dual Slot'],"['550W or greater power supply.PCI Express, PCI Express 2.0 or PCI Express 3.0 compliant motherboard with one graphics slot.']",['175W'],['Yes'],(100)
['1770 MHz'],['GIGABYTE'],['1920'],"['10.43"" x 4.75""']",['NVIDIA'],['WINDFORCE 2X'],,,"['October 06, 2020']",['DirectX 12'],['3 x DisplayPort 1.4'],,,['14000 MHz'],['Powered by GeForce RTX 2060Integrated with 6GB GDDR6 192-bit memory interfaceWINDFORCE 2X Cooling System with alternate spinning fans100mm unique blade fansProtection back plate'],['ATX'],['GeForce RTX 2060'],['NVIDIA GeForce RTX 20 Series'],,['1 x HDMI 2.0b'],['PCI Express 3.0 x16'],['265 mm'],['7680 x 4320 @ 60 Hz'],['192-Bit'],['6GB'],['GDDR6'],['GV-N2060WF2OC-6GD R2'],['4'],['OpenGL 4.6'],,,,,['8-Pin'],,['No'],,['Dual Slot'],['Recommended PSU: 500W'],['160W'],['Yes'],0 reviews
['1695 MHz'],['GIGABYTE'],['1920'],"['6.69"" x 4.78""']",['NVIDIA'],['Single Fan'],,,"['October 16, 2020']",['DirectX 12'],['3 x DisplayPort 1.4'],,,['14000 MHz'],['Powered by GeForce RTX 2060Integrated with 6GB GDDR6 192-bit memory interface90mm unique blade fan170mm compact card size'],['ITX'],['GeForce RTX 2060'],['NVIDIA GeForce RTX 20 Series'],,['1 x HDMI 2.0b'],['PCI Express 3.0 x16'],['170 mm'],['7680 x 4320 @ 60 Hz'],['192-Bit'],['6GB'],['GDDR6'],['GV-N2060IXOC-6GD rev. 2.0'],['4'],['OpenGL 4.6'],,,,,['8-Pin'],,['No'],,['Dual Slot'],['System PSU Limitation (W): 500'],['110W'],['Yes'],0 reviews
['1830 MHz'],['MSI'],['1920'],"['9.72"" x 5.08""']",['NVIDIA'],['Double Fans'],,,"['June 09, 2020']",['DirectX 12'],['3 x DisplayPort 1.4'],,,['14 Gbps'],"['Core/MemoryBoost Clock / Memory Speed1830 MHz / 14 Gbps6GB GDDR6DisplayPort x 3 / HDMI x 1Twin Frozr 7 Thermal DesignTORX Fan 3.0 - Dispersion fan blade: Steep curved blade accelerating the airflow.- Traditional fan blade: Provides steady airflow to massive heat sink below.Mastery of Aerodynamics: The heatsink is optimized for efficient heat dissipation, keeping your temperatures low and performance high.Zero Frozr technology: Stopping the fan in low-load situations, keeping a noise-free environment.RGB Mystic LightCustomize colors and LED effects with exclusive MSI software and synchronize the look & feel with other components.Dragon Center1 click to optimize all you need for smooth gaming.']",,['GeForce RTX 2060'],['NVIDIA GeForce RTX 20 Series'],['2.2'],['1 x HDMI 2.0b'],['PCI Express 3.0 x16'],['247 mm'],['7680 x 4320'],['192-Bit'],['6GB'],['GDDR6'],['RTX 2060 GAMING Z 6G'],['4'],['OpenGL 4.5'],,,,,['8-Pin'],,,,,['Recommended PSU: 500W'],['190W'],['Yes'],0 reviews
,,,,,,,,"['June 23, 2020']",,,,,,,,,,,,,,,,,,,,,,,,,,,,,,,,,0 reviews
